scene,geoloc_sigma_px,geoloc_sigma_m,realization,seed,lam,rmse_vs_no_psf,n_cells
urban,0.0,0.0,-1,,0.01,0.0692645352070502,169675
urban,0.1,1.0,0,2234.0,0.01,0.07864075709529374,169675
urban,0.1,1.0,1,2235.0,0.01,0.0786316762428703,169675
urban,0.1,1.0,2,2236.0,0.01,0.0785570053021768,169675
urban,0.1,1.0,3,2237.0,0.01,0.07867891389102212,169675
urban,0.1,1.0,4,2238.0,0.01,0.07886464850584156,169675
urban,0.1,1.0,5,2239.0,0.01,0.07871810905336879,169675
urban,0.1,1.0,6,2240.0,0.01,0.07872043370534784,169675
urban,0.1,1.0,7,2241.0,0.01,0.07859682810096502,169675
urban,0.1,1.0,8,2242.0,0.01,0.0788282106646261,169675
urban,0.1,1.0,9,2243.0,0.01,0.07875400450307987,169675
urban,0.2,2.0,0,3234.0,0.01,0.10849162564337284,169675
urban,0.2,2.0,1,3235.0,0.01,0.10830955628769803,169675
urban,0.2,2.0,2,3236.0,0.01,0.10872041029707603,169675
urban,0.2,2.0,3,3237.0,0.01,0.10883149777331685,169675
urban,0.2,2.0,4,3238.0,0.01,0.10874903041371789,169675
urban,0.2,2.0,5,3239.0,0.01,0.10866283647406036,169675
urban,0.2,2.0,6,3240.0,0.01,0.10816612785117503,169675
urban,0.2,2.0,7,3241.0,0.01,0.10828302911988687,169675
urban,0.2,2.0,8,3242.0,0.01,0.10814732618580147,169674
urban,0.2,2.0,9,3243.0,0.01,0.1075925973356539,169674
urban,0.4,4.0,0,5234.0,0.01,0.1874404295223289,169665
urban,0.4,4.0,1,5235.0,0.01,0.18890996699332052,169665
urban,0.4,4.0,2,5236.0,0.01,0.1874418655079323,169672
urban,0.4,4.0,3,5237.0,0.01,0.19089206826696797,169666
urban,0.4,4.0,4,5238.0,0.01,0.18834601261958772,169664
urban,0.4,4.0,5,5239.0,0.01,0.1881312570046333,169669
urban,0.4,4.0,6,5240.0,0.01,0.18823534167743475,169672
urban,0.4,4.0,7,5241.0,0.01,0.18820586927914346,169670
urban,0.4,4.0,8,5242.0,0.01,0.19027747442148596,169670
urban,0.4,4.0,9,5243.0,0.01,0.18615093143915207,169669
water,0.0,0.0,-1,,0.01,0.021578320822304466,169644
water,0.1,1.0,0,202234.0,0.01,0.025165459519943055,169644
water,0.1,1.0,1,202235.0,0.01,0.025233228843928632,169644
water,0.1,1.0,2,202236.0,0.01,0.025293321812728285,169644
water,0.1,1.0,3,202237.0,0.01,0.02513537617436068,169644
water,0.1,1.0,4,202238.0,0.01,0.025220689477357283,169644
water,0.1,1.0,5,202239.0,0.01,0.025324313742381307,169644
water,0.1,1.0,6,202240.0,0.01,0.02538679592688467,169644
water,0.1,1.0,7,202241.0,0.01,0.02530859367688989,169644
water,0.1,1.0,8,202242.0,0.01,0.025453246138068344,169644
water,0.1,1.0,9,202243.0,0.01,0.02519125220434952,169644
water,0.2,2.0,0,203234.0,0.01,0.036614627041948684,169644
water,0.2,2.0,1,203235.0,0.01,0.0362782932386909,169644
water,0.2,2.0,2,203236.0,0.01,0.03640172353339233,169644
water,0.2,2.0,3,203237.0,0.01,0.03632371830631116,169644
water,0.2,2.0,4,203238.0,0.01,0.03627427406673158,169644
water,0.2,2.0,5,203239.0,0.01,0.03639341199768786,169644
water,0.2,2.0,6,203240.0,0.01,0.03762566624843076,169644
water,0.2,2.0,7,203241.0,0.01,0.036697584852369944,169644
water,0.2,2.0,8,203242.0,0.01,0.0362991890692586,169644
water,0.2,2.0,9,203243.0,0.01,0.03593134534378953,169644
water,0.4,4.0,0,205234.0,0.01,0.06490721955483031,169640
water,0.4,4.0,1,205235.0,0.01,0.06445812422975347,169638
water,0.4,4.0,2,205236.0,0.01,0.06399247389135938,169637
water,0.4,4.0,3,205237.0,0.01,0.06575389490445205,169638
water,0.4,4.0,4,205238.0,0.01,0.06542253347435134,169630
water,0.4,4.0,5,205239.0,0.01,0.0651892421965723,169640
water,0.4,4.0,6,205240.0,0.01,0.06622595611496312,169640
water,0.4,4.0,7,205241.0,0.01,0.06589481226266522,169639
water,0.4,4.0,8,205242.0,0.01,0.06446344252949202,169641
water,0.4,4.0,9,205243.0,0.01,0.06457290135184172,169636
forest,0.0,0.0,-1,,0.01,0.024433052574428207,169683
forest,0.1,1.0,0,402234.0,0.01,0.028156542610056474,169683
forest,0.1,1.0,1,402235.0,0.01,0.02815736576866084,169683
forest,0.1,1.0,2,402236.0,0.01,0.028019275430573306,169683
forest,0.1,1.0,3,402237.0,0.01,0.027997436921159146,169683
forest,0.1,1.0,4,402238.0,0.01,0.02790813291431927,169683
forest,0.1,1.0,5,402239.0,0.01,0.02803106733386764,169683
forest,0.1,1.0,6,402240.0,0.01,0.028069419761487368,169683
forest,0.1,1.0,7,402241.0,0.01,0.02812195605167256,169683
forest,0.1,1.0,8,402242.0,0.01,0.028125956718188322,169683
forest,0.1,1.0,9,402243.0,0.01,0.028035181723803367,169683
forest,0.2,2.0,0,403234.0,0.01,0.03904055145391237,169683
forest,0.2,2.0,1,403235.0,0.01,0.039834765344762324,169683
forest,0.2,2.0,2,403236.0,0.01,0.03949608053448106,169683
forest,0.2,2.0,3,403237.0,0.01,0.03933955515926676,169683
forest,0.2,2.0,4,403238.0,0.01,0.039312676219154526,169683
forest,0.2,2.0,5,403239.0,0.01,0.0388390818157804,169683
forest,0.2,2.0,6,403240.0,0.01,0.03921100144122784,169683
forest,0.2,2.0,7,403241.0,0.01,0.03954683962541363,169683
forest,0.2,2.0,8,403242.0,0.01,0.03927218279059342,169683
forest,0.2,2.0,9,403243.0,0.01,0.03948865291126842,169683
forest,0.4,4.0,0,405234.0,0.01,0.0688676598742702,169678
forest,0.4,4.0,1,405235.0,0.01,0.06992628380836022,169674
forest,0.4,4.0,2,405236.0,0.01,0.06914257613854836,169675
forest,0.4,4.0,3,405237.0,0.01,0.06961401992542261,169676
forest,0.4,4.0,4,405238.0,0.01,0.06898777164403523,169669
forest,0.4,4.0,5,405239.0,0.01,0.06967036560116119,169674
forest,0.4,4.0,6,405240.0,0.01,0.06965248126818595,169673
forest,0.4,4.0,7,405241.0,0.01,0.06879597443002364,169677
forest,0.4,4.0,8,405242.0,0.01,0.06869525439017451,169679
forest,0.4,4.0,9,405243.0,0.01,0.07007753882457327,169677
agriculture,0.0,0.0,-1,,0.01,0.015634734302351103,169654
agriculture,0.1,1.0,0,602234.0,0.01,0.01985742885374693,169654
agriculture,0.1,1.0,1,602235.0,0.01,0.019867066128487338,169654
agriculture,0.1,1.0,2,602236.0,0.01,0.01988311939965273,169654
agriculture,0.1,1.0,3,602237.0,0.01,0.019726273314394836,169654
agriculture,0.1,1.0,4,602238.0,0.01,0.019813943854626228,169654
agriculture,0.1,1.0,5,602239.0,0.01,0.01976210336670677,169654
agriculture,0.1,1.0,6,602240.0,0.01,0.01970549627997281,169654
agriculture,0.1,1.0,7,602241.0,0.01,0.01995235549686003,169654
agriculture,0.1,1.0,8,602242.0,0.01,0.019610815588697445,169654
agriculture,0.1,1.0,9,602243.0,0.01,0.019777788933103998,169654
agriculture,0.2,2.0,0,603234.0,0.01,0.031325821161322674,169654
agriculture,0.2,2.0,1,603235.0,0.01,0.031194407563233842,169654
agriculture,0.2,2.0,2,603236.0,0.01,0.03162507200323988,169654
agriculture,0.2,2.0,3,603237.0,0.01,0.03188686657418279,169654
agriculture,0.2,2.0,4,603238.0,0.01,0.03173424009511795,169654
agriculture,0.2,2.0,5,603239.0,0.01,0.031079893057699193,169654
agriculture,0.2,2.0,6,603240.0,0.01,0.0315487524950059,169654
agriculture,0.2,2.0,7,603241.0,0.01,0.03143395999461433,169654
agriculture,0.2,2.0,8,603242.0,0.01,0.03182936083297255,169654
agriculture,0.2,2.0,9,603243.0,0.01,0.03118717766057508,169654
agriculture,0.4,4.0,0,605234.0,0.01,0.059638942287531686,169649
agriculture,0.4,4.0,1,605235.0,0.01,0.059017259080170394,169648
agriculture,0.4,4.0,2,605236.0,0.01,0.060821391393706965,169648
agriculture,0.4,4.0,3,605237.0,0.01,0.060031058799125535,169647
agriculture,0.4,4.0,4,605238.0,0.01,0.05992242849031686,169648
agriculture,0.4,4.0,5,605239.0,0.01,0.059392611914010025,169643
agriculture,0.4,4.0,6,605240.0,0.01,0.060895504317778286,169645
agriculture,0.4,4.0,7,605241.0,0.01,0.06012896453505528,169650
agriculture,0.4,4.0,8,605242.0,0.01,0.05918160106734464,169648
agriculture,0.4,4.0,9,605243.0,0.01,0.060110434382207666,169648
