scene,psf_config,assumed_fwhm_m,snr,noise_std,lam,noise_model,rmse_vs_no_psf,rmse_std,noise_penalty,noise_penalty_std,regularization_noise_gain,regularization_noise_gain_std,regularization_noise_gain_pct,regularization_noise_gain_pct_std,n_realizations,n_cells
agriculture,matched,12.5,5.0,0.026345751984639027,0.0,correlated,0.032120161784044324,2.4653148922523536e-05,0.01662159436090834,2.4653148922523885e-05,0.0,0.0,0.0,0.0,10,169654
agriculture,matched,12.5,5.0,0.026345751984639027,0.0,white,0.08139154534351571,0.0002682220137050128,0.06589297792037974,0.000268222013705014,0.0,0.0,0.0,0.0,10,169654
agriculture,matched,12.5,5.0,0.026345751984639027,0.001,correlated,0.032120251780601836,2.4447037825765454e-05,0.016611771076960345,2.4447037825765325e-05,9.823283947996142e-06,8.88422924677988e-07,0.030582462170659592,0.002759884756491792,10,169654
agriculture,matched,12.5,5.0,0.026345751984639027,0.001,white,0.07978383583941359,0.00024705961975657277,0.0642753551357721,0.00024705961975657277,0.0016176227846076336,2.2593008240752683e-05,1.9873995840658059,0.021811970881750308,10,169654
agriculture,matched,12.5,5.0,0.026345751984639027,0.01,correlated,0.03214288488832583,2.3868670482450548e-05,0.016508150166607775,2.3868670482451236e-05,0.0001134441943005618,5.101526863905206e-06,0.35318426282941817,0.015814195094155867,10,169654
agriculture,matched,12.5,5.0,0.026345751984639027,0.01,white,0.06943320383082383,0.0001356547119335163,0.053798469109105775,0.00013565471193351689,0.012094508811273958,0.00014540437777192018,14.859298372023645,0.1332018502715766,10,169654
agriculture,matched,12.5,5.0,0.026345751984639027,0.1,correlated,0.03262994562076345,2.4450346727826536e-05,0.015442044133469718,2.4450346727827376e-05,0.001179550227438622,1.2717319652927026e-05,3.672299210400537,0.0389156566196517,10,169654
agriculture,matched,12.5,5.0,0.026345751984639027,0.1,white,0.043506290871788394,4.631244298394732e-05,0.026318389384494656,4.631244298394842e-05,0.039574588535885066,0.0002718037055983316,48.62197755997924,0.17909066778742364,10,169654
agriculture,matched,12.5,5.0,0.026345751984639027,1.0,correlated,0.0343738461033911,3.6333297953688156e-05,0.012241202084679933,3.63332979536879e-05,0.004380392276228407,3.430388575626113e-05,13.637503201750338,0.10441494001583965,10,169654
agriculture,matched,12.5,5.0,0.026345751984639027,1.0,white,0.029657624904366166,5.3905095675774716e-05,0.0075249808856549995,5.3905095675775604e-05,0.05836799703472473,0.00028054456377980466,71.71230064462347,0.12162183149015687,10,169654
agriculture,matched,12.5,10.0,0.013172875992319514,0.0,correlated,0.020933971668458284,8.497691614620576e-06,0.005435404245322304,8.497691614620692e-06,0.0,0.0,0.0,0.0,10,169654
agriculture,matched,12.5,10.0,0.013172875992319514,0.0,white,0.04283823888422959,0.0001309524766106313,0.02733967146109361,0.0001309524766106328,0.0,0.0,0.0,0.0,10,169654
agriculture,matched,12.5,10.0,0.013172875992319514,0.001,correlated,0.020939124935055738,8.399933320177977e-06,0.005430644231414243,8.399933320177688e-06,4.760013908060301e-06,6.542353110128359e-07,0.022738016345461205,0.0031230221233912734,10,169654
agriculture,matched,12.5,10.0,0.013172875992319514,0.001,white,0.042083121436856004,0.000122421746273699,0.02657464073321451,0.00012242174627370033,0.0007650307278791055,9.863980449374993e-06,1.7858189225796373,0.0184769452368797,10,169654
agriculture,matched,12.5,10.0,0.013172875992319514,0.01,correlated,0.02101630829865426,8.582753682347443e-06,0.0053815735769362025,8.582753682347569e-06,5.3830668386100486e-05,3.70781821857377e-06,0.2571438085616481,0.01768918080485529,10,169654
agriculture,matched,12.5,10.0,0.013172875992319514,0.01,white,0.03726606611498538,7.777307129373248e-05,0.02163133139326732,7.777307129373287e-05,0.005708340067826291,6.311953486954358e-05,13.325079192469625,0.11166151586017249,10,169654
agriculture,matched,12.5,10.0,0.013172875992319514,0.1,correlated,0.022084707310068813,1.121057130558061e-05,0.004896805822775078,1.121057130558068e-05,0.0005385984225472252,8.721854977222888e-06,2.572842004018323,0.041512944680883665,10,169654
agriculture,matched,12.5,10.0,0.013172875992319514,0.1,white,0.0263406055640932,2.6468662610847025e-05,0.009152704076799464,2.64686626108473e-05,0.01818696738429415,0.0001307837844125132,42.45451652239994,0.18062743844229753,10,169654
agriculture,matched,12.5,10.0,0.013172875992319514,1.0,correlated,0.025741442428887363,2.5651114595249592e-05,0.0036087984101761924,2.565111459524917e-05,0.001826605835146111,2.39552633167557e-05,8.725560491091269,0.1145802550196333,10,169654
agriculture,matched,12.5,10.0,0.013172875992319514,1.0,white,0.024229980495709232,2.4261687587439822e-05,0.002097336476998066,2.4261687587439527e-05,0.02524233498409555,0.0001353497983016547,58.92441199954641,0.14278574035985236,10,169654
agriculture,matched,12.5,20.0,0.006586437996159757,0.0,correlated,0.01702503879939422,5.647886281985435e-06,0.0015264713762582383,5.647886281986791e-06,0.0,0.0,0.0,0.0,10,169654
agriculture,matched,12.5,20.0,0.006586437996159757,0.0,white,0.02526259274815612,3.260726896374355e-05,0.009764025325020135,3.260726896374377e-05,0.0,0.0,0.0,0.0,10,169654
agriculture,matched,12.5,20.0,0.006586437996159757,0.001,correlated,0.01703316564905511,5.449594566214421e-06,0.001524684945413619,5.44959456621411e-06,1.7864308446191578e-06,3.794146912132289e-07,0.010492599079251791,0.002226560055962694,10,169654
agriculture,matched,12.5,20.0,0.006586437996159757,0.001,white,0.024953154673661763,3.027701834103943e-05,0.00944467397002027,3.0277018341039606e-05,0.0003193513549998667,3.5284582013315758e-06,1.264118075055679,0.012896866021287003,10,169654
agriculture,matched,12.5,20.0,0.006586437996159757,0.01,correlated,0.01714225489357707,4.861382997576253e-06,0.001507520171859012,4.861382997576055e-06,1.8951204399226056e-05,2.1355790200340605e-06,0.111311742344155,0.012523367639321211,10,169654
agriculture,matched,12.5,20.0,0.006586437996159757,0.01,white,0.0230434996538313,2.0155718467311923e-05,0.007408764932113243,2.0155718467311753e-05,0.0023552603929068924,2.3254418299940985e-05,9.323043797192925,0.08289093596862253,10,169654
agriculture,matched,12.5,20.0,0.006586437996159757,0.1,correlated,0.01853776498766259,5.9465952803763e-06,0.0013498635003688533,5.946595280375793e-06,0.0001766078758893848,4.723003006843191e-06,1.0373391657252755,0.027618017275305606,10,169654
agriculture,matched,12.5,20.0,0.006586437996159757,0.1,white,0.01988469967296655,1.946210709508396e-05,0.002696798185672815,1.9462107095083924e-05,0.007067227139347321,4.4302502670952765e-05,27.974921853911052,0.1430422973413221,10,169654
agriculture,matched,12.5,20.0,0.006586437996159757,1.0,correlated,0.023097647896266803,1.242547700247796e-05,0.0009650038775556331,1.2425477002477604e-05,0.0005614674987026051,1.1936632684878794e-05,3.297889848212784,0.06994509875667623,10,169654
agriculture,matched,12.5,20.0,0.006586437996159757,1.0,white,0.02267503476867474,1.172409070095631e-05,0.0005423907499635689,1.1724090700956218e-05,0.009221634575056568,3.6013766347724024e-05,36.50301810579733,0.09916821399491389,10,169654
agriculture,matched,12.5,50.0,0.0026345751984639025,0.0,correlated,0.015751945658907203,1.7087522449590398e-06,0.0002533782357712202,1.7087522449592005e-06,0.0,0.0,0.0,0.0,10,169654
agriculture,matched,12.5,50.0,0.0026345751984639025,0.0,white,0.01742587461050767,1.3166797348225913e-05,0.001927307187371686,1.3166797348225816e-05,0.0,0.0,0.0,0.0,10,169654
agriculture,matched,12.5,50.0,0.0026345751984639025,0.001,correlated,0.015761581489010863,1.7255749067406995e-06,0.00025310078536936766,1.7255749067397254e-06,2.7745040185253587e-07,1.2510757232330085e-07,0.001761379919433103,0.0007942130175577756,10,169654
agriculture,matched,12.5,50.0,0.0026345751984639025,0.001,white,0.01736309937629528,1.2080371736104275e-05,0.0018546186726537868,1.208037173610425e-05,7.268851471789913e-05,1.2700686542503873e-06,0.4171257065915771,0.00701042686270944,10,169654
agriculture,matched,12.5,50.0,0.0026345751984639025,0.01,correlated,0.015884920744966047,1.927133685860344e-06,0.0002501860232479895,1.927133685860876e-06,3.1922125232307363e-06,7.197710793310398e-07,0.020265562788106303,0.004569446932696943,10,169654
agriculture,matched,12.5,50.0,0.0026345751984639025,0.01,white,0.0170371498177031,7.387727596692334e-06,0.0014024150959850421,7.387727596692487e-06,0.0005248920913866438,7.769492551963386e-06,3.0121170352985707,0.04257429669372677,10,169654
agriculture,matched,12.5,50.0,0.0026345751984639025,0.1,correlated,0.017409856331356353,2.646357377207385e-06,0.0002219548440626183,2.646357377208056e-06,3.142339170860188e-05,1.7998850642407288e-06,0.1994891096124584,0.011429233958637921,10,169654
agriculture,matched,12.5,50.0,0.0026345751984639025,0.1,white,0.017647629772798545,6.141911200779947e-06,0.0004597282855048106,6.141911200779825e-06,0.0014675789018668752,1.4996747173136628e-05,8.421788762473254,0.08025522958216563,10,169654
agriculture,matched,12.5,50.0,0.0026345751984639025,1.0,correlated,0.02228738787274587,5.172902018730523e-06,0.00015474385403470222,5.172902018730026e-06,9.863438173651797e-05,4.661599369589265e-06,0.6261730781953638,0.029602768073764666,10,169654
agriculture,matched,12.5,50.0,0.0026345751984639025,1.0,white,0.022222242623503564,7.328967600741791e-06,8.959860479239821e-05,7.32896760074288e-06,0.0018377085825792877,1.5785799793646786e-05,10.545812170480044,0.08357954355116883,10,169654
agriculture,matched,12.5,100.0,0.0013172875992319513,0.0,correlated,0.015562079450498442,1.4101822375333888e-06,6.351202736245929e-05,1.410182237533525e-06,0.0,0.0,0.0,0.0,10,169654
agriculture,matched,12.5,100.0,0.0013172875992319513,0.0,white,0.015995743723674904,5.574032186918693e-06,0.0004971763005389227,5.574032186919875e-06,0.0,0.0,0.0,0.0,10,169654
agriculture,matched,12.5,100.0,0.0013172875992319513,0.001,correlated,0.015571929813682866,1.3215196563182954e-06,6.344911004137408e-05,1.3215196563183208e-06,6.291732108521658e-08,1.0568662242204273e-07,0.00040425185537857364,0.0006791026156411007,10,169654
agriculture,matched,12.5,100.0,0.0013172875992319513,0.001,white,0.015986975316886608,5.502283818225974e-06,0.00047849461324511353,5.502283818225279e-06,1.868168729380927e-05,3.4823389097668973e-07,0.11679146578684144,0.0021677652946949285,10,169654
agriculture,matched,12.5,100.0,0.0013172875992319513,0.01,correlated,0.015697484053064373,9.625800565684616e-07,6.274933134631511e-05,9.625800565684728e-07,7.626960161441834e-07,5.741569491483867e-07,0.0049007318096837196,0.0036891197304786605,10,169654
agriculture,matched,12.5,100.0,0.0013172875992319513,0.01,white,0.015996501928842916,5.466436714256478e-06,0.00036176720712485647,5.466436714255844e-06,0.0001354090934140663,1.9307889599627703e-06,0.8465312536306289,0.01200633526200744,10,169654
agriculture,matched,12.5,100.0,0.0013172875992319513,0.1,correlated,0.017243569920840238,7.968136112271397e-07,5.56684335465036e-05,7.968136112264732e-07,7.843593815955694e-06,8.283058873268073e-07,0.05040158619545319,0.0053188945177563675,10,169654
agriculture,matched,12.5,100.0,0.0013172875992319513,0.1,white,0.017305622901128463,4.627499582054086e-06,0.00011772141383473018,4.627499582053058e-06,0.0003794548867041926,2.509809775302175e-06,2.3722215467808896,0.01523626536691105,10,169654
agriculture,matched,12.5,100.0,0.0013172875992319513,1.0,correlated,0.022171345714083017,1.3684552984642917e-06,3.870169537184796e-05,1.36845529846432e-06,2.4810331990611327e-05,1.0994550493173599e-06,0.15942788326919186,0.007059307096399177,10,169654
agriculture,matched,12.5,100.0,0.0013172875992319513,1.0,white,0.022155273224431744,2.656510344497571e-06,2.2629205720575696e-05,2.6565103444973347e-06,0.0004745470948183471,4.216063448191783e-06,2.9667015115600632,0.02544840893655456,10,169654
agriculture,matched,12.5,inf,0.0,0.0,none,0.015498567423135982,0.0,0.0,0.0,0.0,0.0,0.0,0.0,1,169654
agriculture,matched,12.5,inf,0.0,0.001,none,0.015508480703641494,0.0,0.0,0.0,0.0,0.0,0.0,0.0,1,169654
agriculture,matched,12.5,inf,0.0,0.01,none,0.015634734721718058,0.0,0.0,0.0,0.0,0.0,0.0,0.0,1,169654
agriculture,matched,12.5,inf,0.0,0.1,none,0.017187901487293735,0.0,0.0,0.0,0.0,0.0,0.0,0.0,1,169654
agriculture,matched,12.5,inf,0.0,1.0,none,0.022132644018711168,0.0,0.0,0.0,0.0,0.0,0.0,0.0,1,169654
forest,matched,12.5,5.0,0.02254106478833225,0.0,correlated,0.03408632603058868,1.4276106431092973e-05,0.009950056063331986,1.4276106431092724e-05,0.0,0.0,0.0,0.0,10,169683
forest,matched,12.5,5.0,0.02254106478833225,0.0,white,0.07246085686537782,0.00010690745767803058,0.04832458689812113,0.00010690745767802944,0.0,0.0,0.0,0.0,10,169683
forest,matched,12.5,5.0,0.02254106478833225,0.001,correlated,0.03410082573304345,1.3835686661885762e-05,0.009939936305693415,1.3835686661884918e-05,1.011975763857073e-05,7.329664268035357e-07,0.02968811809919867,0.002142048951697225,10,169683
forest,matched,12.5,5.0,0.02254106478833225,0.001,white,0.07115950453912367,9.677067907257847e-05,0.046998615111773646,9.677067907257867e-05,0.0013259717863474865,1.4197951060326457e-05,1.8298987334506749,0.017674277145902226,10,169683
forest,matched,12.5,5.0,0.02254106478833225,0.01,correlated,0.03426947619887476,1.2195908395630428e-05,0.009836423483130222,1.2195908395629606e-05,0.00011363258020176403,4.195628460253765e-06,0.33336429077063856,0.012220811788044694,10,169683
forest,matched,12.5,5.0,0.02254106478833225,0.01,white,0.06283930018710848,6.770051427940223e-05,0.03840624747136395,6.770051427939972e-05,0.00991833942675718,8.294508950641873e-05,13.687767415952468,0.09970910426217405,10,169683
forest,matched,12.5,5.0,0.02254106478833225,0.1,correlated,0.03597292828151262,1.2439171521241277e-05,0.008943965481745813,1.2439171521241723e-05,0.001006090581586172,1.042912262359351e-05,2.951590197312208,0.029952013195123337,10,169683
forest,matched,12.5,5.0,0.02254106478833225,0.1,white,0.0435579442326414,5.1980246023523006e-05,0.016528981432874595,5.198024602352297e-05,0.03179560546524653,0.00011384056885010669,43.87959839071906,0.1037540365123833,10,169683
forest,matched,12.5,5.0,0.02254106478833225,1.0,correlated,0.04047144663001162,3.0448266990830605e-05,0.006849278778337672,3.044826699083001e-05,0.0031007772849943127,3.032887352097902e-05,9.096830149613984,0.08818950126275922,10,169683
forest,matched,12.5,5.0,0.02254106478833225,1.0,white,0.037612619316726666,2.4914485190221844e-05,0.003990451465052714,2.4914485190221224e-05,0.04433413543306842,0.00010625202600077547,61.1834954071429,0.062456801589765264,10,169683
forest,matched,12.5,10.0,0.011270532394166125,0.0,correlated,0.02696591116452478,8.779635075713325e-06,0.0028296411972680894,8.779635075712911e-06,0.0,0.0,0.0,0.0,10,169683
forest,matched,12.5,10.0,0.011270532394166125,0.0,white,0.04175075320615486,0.00010734430954727364,0.01761448323889816,0.00010734430954727415,0.0,0.0,0.0,0.0,10,169683
forest,matched,12.5,10.0,0.011270532394166125,0.001,correlated,0.02698724066712292,8.482269309642027e-06,0.0028263512397728925,8.482269309641705e-06,3.289957495197088e-06,4.6177039949964616e-07,0.012200101731974528,0.001709917920294416,10,169683
forest,matched,12.5,10.0,0.011270532394166125,0.001,white,0.041207995327328,0.000104838743296471,0.01704710589997797,0.00010483874329647092,0.0005673773389201893,4.909836523704702e-06,1.3589568555529228,0.010362070148122678,10,169683
forest,matched,12.5,10.0,0.011270532394166125,0.01,correlated,0.027224359017376708,7.3872745282658975e-06,0.002791306301632176,7.387274528266466e-06,3.833489563591329e-05,2.4559912857046483e-06,0.14215882703203359,0.00907782601445447,10,169683
forest,matched,12.5,10.0,0.011270532394166125,0.01,white,0.03785042399741752,8.770567163317029e-05,0.013417371281672984,8.77056716331691e-05,0.004197111957225176,3.093122239947546e-05,10.052717620196407,0.05832605227965589,10,169683
forest,matched,12.5,10.0,0.011270532394166125,0.1,correlated,0.029517270427872676,7.047143942621438e-06,0.002488307628105871,7.047143942621334e-06,0.0003413335691622183,4.9373360795229465e-06,1.2657934506689366,0.01806779765908825,10,169683
forest,matched,12.5,10.0,0.011270532394166125,0.1,white,0.03196758926967945,4.585292932751033e-05,0.004938626469912643,4.585292932751056e-05,0.012675856768985519,7.967672321813093e-05,30.360559402268393,0.12270012661877965,10,169683
forest,matched,12.5,10.0,0.011270532394166125,1.0,correlated,0.03545286113996837,1.3560250137735922e-05,0.0018306932882944237,1.3560250137734177e-05,0.000998947908973666,1.275095742154121e-05,3.7044810666693735,0.04700728567818481,10,169683
forest,matched,12.5,10.0,0.011270532394166125,1.0,white,0.03465542421016028,3.110058646868844e-05,0.0010332563584863285,3.11005864686895e-05,0.01658122688041183,9.73360198906202e-05,39.71451626143078,0.13833808439957632,10,169683
forest,matched,12.5,20.0,0.005635266197083062,0.0,correlated,0.024875561236214695,4.673722862158038e-06,0.0007392912689580009,4.673722862158208e-06,0.0,0.0,0.0,0.0,10,169683
forest,matched,12.5,20.0,0.005635266197083062,0.0,white,0.029530304939610525,3.6493817698702854e-05,0.00539403497235383,3.6493817698702726e-05,0.0,0.0,0.0,0.0,10,169683
forest,matched,12.5,20.0,0.005635266197083062,0.001,correlated,0.024899237643905142,4.566402261045935e-06,0.000738348216555115,4.566402261045981e-06,9.430524028859744e-07,1.8743982700057135e-07,0.0037910053700160274,0.0007529688809852732,10,169683
forest,matched,12.5,20.0,0.005635266197083062,0.001,white,0.02935753990815711,3.420802223298996e-05,0.005196650480807083,3.4208022232990244e-05,0.0001973844915467475,2.6381643789546783e-06,0.6684055439292244,0.008215916996859326,10,169683
forest,matched,12.5,20.0,0.005635266197083062,0.01,correlated,0.025161417436193267,4.187435394396822e-06,0.0007283647204487352,4.187435394396351e-06,1.0926548509265777e-05,1.0148061667766188e-06,0.043924445339458586,0.004074234895882153,10,169683
forest,matched,12.5,20.0,0.005635266197083062,0.01,white,0.02839145607138316,2.349678954693582e-05,0.003958403355638624,2.349678954693602e-05,0.0014356316167152068,1.5788068472402748e-05,4.861507254076441,0.04815775101628076,10,169683
forest,matched,12.5,20.0,0.005635266197083062,0.1,correlated,0.027672681409307877,4.5696505079957836e-06,0.0006437186095410687,4.569650507995814e-06,9.557265941693219e-05,2.1357538645101462e-06,0.3842026383055995,0.008566024745806512,10,169683
forest,matched,12.5,20.0,0.005635266197083062,0.1,white,0.02834483303956294,1.3935680103326662e-05,0.0013158702397961315,1.3935680103326598e-05,0.004078164732557699,3.128062443703954e-05,13.810010123319127,0.0903297570288995,10,169683
forest,matched,12.5,20.0,0.005635266197083062,1.0,correlated,0.034088477098745004,8.943137986682075e-06,0.0004663092470710582,8.943137986681579e-06,0.0002729820218869427,6.662547815836016e-06,1.0973914382212997,0.026831008071230004,10,169683
forest,matched,12.5,20.0,0.005635266197083062,1.0,white,0.033883893686819266,1.057756618423269e-05,0.0002617258351453211,1.057756618423387e-05,0.005132309137208509,3.6266258982477704e-05,17.37969716988227,0.10240463374400664,10,169683
forest,matched,12.5,50.0,0.002254106478833225,0.0,correlated,0.0242561868712274,1.8503886764362674e-06,0.00011991690397070363,1.850388676436695e-06,0.0,0.0,0.0,0.0,10,169683
forest,matched,12.5,50.0,0.002254106478833225,0.0,white,0.025062314271541375,1.2096552677852162e-05,0.0009260443042846813,1.2096552677852411e-05,0.0,0.0,0.0,0.0,10,169683
forest,matched,12.5,50.0,0.002254106478833225,0.001,correlated,0.02428064833388754,1.7428644571343286e-06,0.00011975890653751383,1.7428644571355052e-06,1.5799743318979654e-07,1.2089206446237497e-07,0.0006513389620654063,0.0004983002260832511,10,169683
forest,matched,12.5,50.0,0.002254106478833225,0.001,white,0.02505134364871022,1.1719387113771634e-05,0.0008904542213601967,1.1719387113771717e-05,3.559008292448457e-05,7.195504403725722e-07,0.14200571993549901,0.00283469983362175,10,169683
forest,matched,12.5,50.0,0.002254106478833225,0.01,correlated,0.024551160764850144,1.2640860931916371e-06,0.00011810804910560961,1.2640860931907755e-06,1.808854865094009e-06,6.989437848846553e-07,0.007457115781470516,0.002880699349061072,10,169683
forest,matched,12.5,50.0,0.002254106478833225,0.01,white,0.02510234558065248,1.0236578977977713e-05,0.0006692928649079444,1.0236578977977744e-05,0.0002567514393767369,4.29651631800497e-06,1.0244481541858907,0.01686601339237578,10,169683
forest,matched,12.5,50.0,0.002254106478833225,0.1,correlated,0.02713332542659343,1.087045433534064e-06,0.00010436262682662241,1.087045433533972e-06,1.555427714408121e-05,1.5947355678763845e-06,0.06412462328693924,0.006569969369788076,10,169683
forest,matched,12.5,50.0,0.002254106478833225,0.1,white,0.027244173821804902,7.243960061885217e-06,0.00021521102203809483,7.243960061884968e-06,0.0007108332822465865,8.683073203995549e-06,2.8362520109345364,0.03355820905434175,10,169683
forest,matched,12.5,50.0,0.002254106478833225,1.0,correlated,0.03369799677441771,2.682765748129406e-06,7.582892274375988e-05,2.6827657481284392e-06,4.408798122694374e-05,3.2136896134715815e-06,0.18175923572875305,0.013240569223253566,10,169683
forest,matched,12.5,50.0,0.002254106478833225,1.0,white,0.033664700068829656,3.2230003591771006e-06,4.2532217155706596e-05,3.223000359175916e-06,0.0008835120871289748,1.1239228888636875e-05,3.5252433370871,0.04320416359280352,10,169683
forest,matched,12.5,100.0,0.0011270532394166124,0.0,correlated,0.024166238905824994,8.642114468454515e-07,2.9968938568300867e-05,8.642114468456822e-07,0.0,0.0,0.0,0.0,10,169683
forest,matched,12.5,100.0,0.0011270532394166124,0.0,white,0.024370069813092487,6.164706263207726e-06,0.00023379984583579393,6.164706263207957e-06,0.0,0.0,0.0,0.0,10,169683
forest,matched,12.5,100.0,0.0011270532394166124,0.001,correlated,0.024190821322566718,8.277817462261742e-07,2.993189521669215e-05,8.277817462261697e-07,3.704335160871486e-08,5.720087284352175e-08,0.00015328054593487348,0.0002366946712471544,10,169683
forest,matched,12.5,100.0,0.0011270532394166124,0.001,white,0.02438566956925005,5.960250792761684e-06,0.0002247801419000193,5.960250792762066e-06,9.019703935774642e-06,2.971193097965081e-07,0.037011207234318014,0.0012128155910896073,10,169683
forest,matched,12.5,100.0,0.0011270532394166124,0.01,correlated,0.024462592451958295,7.025953610268526e-07,2.9539736213762825e-05,7.025953610265167e-07,4.2920235453804133e-07,3.013794057076345e-07,0.0017760146707793227,0.0012470730069085733,10,169683
forest,matched,12.5,100.0,0.0011270532394166124,0.01,white,0.024601687924359013,4.8222167268316645e-06,0.0001686352086144812,4.822216726831941e-06,6.516463722131272e-05,2.130119210739652e-06,0.26739473982423034,0.00869225855899037,10,169683
forest,matched,12.5,100.0,0.0011270532394166124,0.1,correlated,0.02705513295292441,7.513081351188138e-07,2.617015315760328e-05,7.513081351191734e-07,3.798785410697586e-06,4.275755168960742e-07,0.01571936216028024,0.0017690381200652708,10,169683
forest,matched,12.5,100.0,0.0011270532394166124,0.1,white,0.027082486683944224,3.7439905581567713e-06,5.3523884177417855e-05,3.7439905581569293e-06,0.00018027596165837606,6.363877682216966e-06,0.7397384683419097,0.0259621025474062,10,169683
forest,matched,12.5,100.0,0.0011270532394166124,1.0,correlated,0.03364138101012663,1.404650210586463e-06,1.9213158452677236e-05,1.4046502105866678e-06,1.0755780115623628e-05,7.923404180453445e-07,0.04450751030014045,0.0032794072241310425,10,169683
forest,matched,12.5,100.0,0.0011270532394166124,1.0,white,0.03363281217451154,3.2533269590850844e-06,1.064432283759062e-05,3.2533269590841916e-06,0.0002231555229982033,7.509875321433257e-06,0.9156887513513681,0.03060956363090775,10,169683
forest,matched,12.5,inf,0.0,0.0,none,0.024136269967256693,0.0,0.0,0.0,0.0,0.0,0.0,0.0,1,169683
forest,matched,12.5,inf,0.0,0.001,none,0.024160889427350028,0.0,0.0,0.0,0.0,0.0,0.0,0.0,1,169683
forest,matched,12.5,inf,0.0,0.01,none,0.024433052715744533,0.0,0.0,0.0,0.0,0.0,0.0,0.0,1,169683
forest,matched,12.5,inf,0.0,0.1,none,0.027028962799766805,0.0,0.0,0.0,0.0,0.0,0.0,0.0,1,169683
forest,matched,12.5,inf,0.0,1.0,none,0.03362216785167395,0.0,0.0,0.0,0.0,0.0,0.0,0.0,1,169683
urban,matched,12.5,5.0,0.026019069664488588,0.0,correlated,0.07374400553305613,3.256191169521915e-05,0.005429716933752961,3.256191169521904e-05,0.0,0.0,0.0,0.0,10,169675
urban,matched,12.5,5.0,0.026019069664488588,0.0,white,0.10408882008705204,0.00017083647448489194,0.03577453148774888,0.00017083647448488926,0.0,0.0,0.0,0.0,10,169675
urban,matched,12.5,5.0,0.026019069664488588,0.001,correlated,0.07381717902756854,3.168817399290078e-05,0.0054218456367076655,3.168817399290106e-05,7.871297045294879e-06,1.0549724933166746e-06,0.010673341083269228,0.001426291889974097,10,169675
urban,matched,12.5,5.0,0.026019069664488588,0.001,white,0.10296815948316781,0.0001580648737332625,0.034572826092306934,0.0001580648737332624,0.0012017053954419474,1.4370097838894192e-05,1.1544844666938912,0.01212827097965075,10,169675
urban,matched,12.5,5.0,0.026019069664488588,0.01,correlated,0.07460764234721538,2.7404102139446207e-05,0.005343106483993679,2.740410213944502e-05,8.661044975928206e-05,6.405784423766001e-06,0.11744456737140932,0.008640364106716028,10,169675
urban,matched,12.5,5.0,0.026019069664488588,0.01,white,0.09616996822275126,9.137038800911833e-05,0.02690543235952956,9.137038800911952e-05,0.008869099128219328,9.182367998906053e-05,8.520602039057781,0.07530545699145456,10,169675
urban,matched,12.5,5.0,0.026019069664488588,0.1,correlated,0.08242063482784093,1.8847686428661837e-05,0.004683541851087031,1.884768642866004e-05,0.0007461750826659299,1.792986702158337e-05,1.0118367558607821,0.023909278716914027,10,169675
urban,matched,12.5,5.0,0.026019069664488588,0.1,white,0.08717643477999136,5.590119503049809e-05,0.009439341803237468,5.590119503049563e-05,0.026335189684511418,0.0001856103366698943,25.300500046881854,0.13920822004087682,10,169675
urban,matched,12.5,5.0,0.026019069664488588,1.0,correlated,0.10273404126657626,2.0773339964481367e-05,0.003342765618068336,2.0773339964482217e-05,0.0020869513156846252,3.682158085031223e-05,2.829978605011688,0.048876705713364686,10,169675
urban,matched,12.5,5.0,0.026019069664488588,1.0,white,0.10129016956992384,3.971321302848137e-05,0.0018988939214159132,3.971321302847991e-05,0.033875637566332974,0.00018126380326776714,32.544761559264245,0.12253400448587946,10,169675
urban,matched,12.5,10.0,0.013009534832244294,0.0,correlated,0.06971054940303648,1.2831642463827657e-05,0.0013962608037333083,1.2831642463829571e-05,0.0,0.0,0.0,0.0,10,169675
urban,matched,12.5,10.0,0.013009534832244294,0.0,white,0.07876884944222125,6.361813617222035e-05,0.010454560842918082,6.361813617221814e-05,0.0,0.0,0.0,0.0,10,169675
urban,matched,12.5,10.0,0.013009534832244294,0.001,correlated,0.06978930865865861,1.2497247826108445e-05,0.001393975267797734,1.2497247826107342e-05,2.285535935574179e-06,5.015105746964123e-07,0.003278527744440331,0.0007190614178721832,10,169675
urban,matched,12.5,10.0,0.013009534832244294,0.001,white,0.07846180425895768,6.0203203143175885e-05,0.010066470868096812,6.0203203143178866e-05,0.00038808997482127073,6.5354620192513925e-06,0.49269164849106745,0.008081024638906373,10,169675
urban,matched,12.5,10.0,0.013009534832244294,0.01,correlated,0.07063636671402138,1.0998487598643394e-05,0.0013718308507996795,1.099848759864483e-05,2.4429952933628653e-05,3.024814994820071e-06,0.035044355279503295,0.00433502844585409,10,169675
urban,matched,12.5,10.0,0.013009534832244294,0.01,white,0.07689517502472507,5.181991380306957e-05,0.007630639161503368,5.1819913803072646e-05,0.002823921681414715,3.8227647334707896e-05,3.5850558021956838,0.04691159195503439,10,169675
urban,matched,12.5,10.0,0.013009534832244294,0.1,correlated,0.07892991853448936,9.777267969940511e-06,0.0011928255577354622,9.777267969939139e-06,0.00020343524599784614,7.1402015195999254e-06,0.29182739054526996,0.010208170473101531,10,169675
urban,matched,12.5,10.0,0.013009534832244294,0.1,white,0.08020775273926807,4.7749705265877735e-05,0.00247065976251417,4.774970526587816e-05,0.007983901080403913,5.902005820091329e-05,10.135828846458416,0.06944324990483858,10,169675
urban,matched,12.5,10.0,0.013009534832244294,1.0,correlated,0.1002283804983991,1.2927023850940017e-05,0.0008371048498911696,1.2927023850940129e-05,0.0005591559538421387,1.301551885558846e-05,0.802109433720806,0.01859843864454778,10,169675
urban,matched,12.5,10.0,0.013009534832244294,1.0,white,0.09986465490549015,3.33990464516144e-05,0.0004733792569822301,3.339904645161434e-05,0.009981181585935852,5.925049433281702e-05,12.671443989991293,0.06667235681390372,10,169675
urban,matched,12.5,20.0,0.006504767416122147,0.0,correlated,0.06866487256393719,7.6120890425525e-06,0.0003505839646340186,7.612089042553296e-06,0.0,0.0,0.0,0.0,10,169675
urban,matched,12.5,20.0,0.006504767416122147,0.0,white,0.07098930698473595,4.040693649241941e-05,0.0026750183854327815,4.040693649242088e-05,0.0,0.0,0.0,0.0,10,169675
urban,matched,12.5,20.0,0.006504767416122147,0.001,correlated,0.06874538836051206,7.2744596290811605e-06,0.00035005496965117845,7.274459629082384e-06,5.289949828402029e-07,3.743368728292323e-07,0.0007703518658582234,0.0005451505863680011,10,169675
urban,matched,12.5,20.0,0.006504767416122147,0.001,white,0.07096939074695688,3.838572010420438e-05,0.0025740573560960127,3.838572010420229e-05,0.00010096102933676854,3.2959400444826102e-06,0.1422185742762164,0.004590919139005076,10,169675
urban,matched,12.5,20.0,0.006504767416122147,0.01,correlated,0.06960927088273568,5.695550776398893e-06,0.00034473501951397397,5.6955507763998016e-06,5.8489451200446905e-06,2.2117952547694906e-06,0.00851781374413477,0.0032206841834871948,10,169675
urban,matched,12.5,20.0,0.006504767416122147,0.01,white,0.07120483277707361,3.0084993404323346e-05,0.0019402969138519062,3.0084993404324393e-05,0.0007347214715808751,2.1445301262512985e-05,1.034964544517663,0.029803860168862148,10,169675
urban,matched,12.5,20.0,0.006504767416122147,0.1,correlated,0.07803729948285024,4.230572948431268e-06,0.00030020650609634963,4.230572948430947e-06,5.0377458537669005e-05,4.554154182736337e-06,0.07336656836264038,0.006626190670579752,10,169675
urban,matched,12.5,20.0,0.006504767416122147,0.1,white,0.0783517428835345,2.292232632971609e-05,0.0006146499067806024,2.292232632971734e-05,0.002060368478652179,3.904304486596293e-05,2.9023418942916477,0.05362246778218516,10,169675
urban,matched,12.5,20.0,0.006504767416122147,1.0,correlated,0.09960371418238759,5.207235610319265e-06,0.000212438533879665,5.20723561032205e-06,0.00013814543075435365,7.077394359623829e-06,0.20118715252620273,0.010291501811655284,10,169675
urban,matched,12.5,20.0,0.006504767416122147,1.0,white,0.09950892791418271,1.200691816622304e-05,0.00011765226567477944,1.2006918166222789e-05,0.002557366119758002,3.723470800114922e-05,3.602442042002616,0.050497446410491094,10,169675
urban,matched,12.5,50.0,0.0026019069664488586,0.0,correlated,0.06837023753212451,2.4170647364285484e-06,5.594893282134944e-05,2.41706473642996e-06,0.0,0.0,0.0,0.0,10,169675
urban,matched,12.5,50.0,0.0026019069664488586,0.0,white,0.06874615646609078,5.997640045853541e-06,0.00043186786678761494,5.997640045855274e-06,0.0,0.0,0.0,0.0,10,169675
urban,matched,12.5,50.0,0.0026019069664488586,0.001,correlated,0.06845119978414257,2.349616140417631e-06,5.586639328170745e-05,2.3496161404156446e-06,8.253953964199035e-08,1.0757157827767238e-07,0.00012072116540021353,0.0001573316764979826,10,169675
urban,matched,12.5,50.0,0.0026019069664488586,0.001,white,0.06881095786765203,6.174303843450267e-06,0.000415624476791146,6.174303843450254e-06,1.624338999646896e-05,5.561917412626799e-07,0.0236280877280605,0.0008096416369738227,10,169675
urban,matched,12.5,50.0,0.0026019069664488586,0.01,correlated,0.06931953758500756,2.087030352859252e-06,5.500172178584534e-05,2.087030352857916e-06,9.47211035504103e-07,5.972726992792047e-07,0.0013853965397338107,0.0008735428304718114,10,169675
urban,matched,12.5,50.0,0.0026019069664488586,0.01,white,0.06957783743280141,7.764662772356757e-06,0.00031330156957970755,7.764662772358868e-06,0.0001185662972079074,3.5441462841034463e-06,0.17246982389023785,0.0051597787916624425,10,169675
urban,matched,12.5,50.0,0.0026019069664488586,0.1,correlated,0.0777847000036062,2.097800124393241e-06,4.760702685231155e-05,2.0978001243929344e-06,8.341905969037888e-06,9.474503137156314e-07,0.012201055435878136,0.0013855603277271285,10,169675
urban,matched,12.5,50.0,0.0026019069664488586,0.1,white,0.07783516575791324,9.164921821747e-06,9.807278115935152e-05,9.164921821746685e-06,0.00033379508562826344,6.673634634489812e-06,0.485547306079077,0.009709800338050651,10,169675
urban,matched,12.5,50.0,0.0026019069664488586,1.0,correlated,0.09942426648169148,3.277163791314693e-06,3.2990833183543786e-05,3.2771637913146602e-06,2.2958099637805652e-05,1.9910665861441637e-06,0.03357909323404589,0.0029123374303205644,10,169675
urban,matched,12.5,50.0,0.0026019069664488586,1.0,white,0.09940948502569337,4.753507283116368e-06,1.820937718543386e-05,4.753507283117676e-06,0.0004136584896021811,6.159823484998656e-06,0.6017182309252169,0.00892357264119495,10,169675
urban,matched,12.5,100.0,0.0013009534832244293,0.0,correlated,0.0683286270789106,1.0209493051555232e-06,1.4338479607434173e-05,1.0209493051521954e-06,0.0,0.0,0.0,0.0,10,169675
urban,matched,12.5,100.0,0.0013009534832244293,0.0,white,0.06842362234962181,3.984997482467814e-06,0.00010933375031863812,3.984997482463801e-06,0.0,0.0,0.0,0.0,10,169675
urban,matched,12.5,100.0,0.0013009534832244293,0.001,correlated,0.06840965722952717,9.60476058341134e-07,1.432383866630249e-05,9.604760583407905e-07,1.4640941131682794e-08,8.089928187226153e-08,2.142602528161815e-05,0.00011839479722857281,10,169675
urban,matched,12.5,100.0,0.0013009534832244293,0.001,white,0.06850060281814242,3.949266916871723e-06,0.00010526942728154853,3.94926691687073e-06,4.06432303708959e-06,2.6910376117762496e-07,0.005939937947097773,0.00039323640393307735,10,169675
urban,matched,12.5,100.0,0.0013009534832244293,0.01,correlated,0.06927866665959798,7.19557216093215e-07,1.4130796376270183e-05,7.195572160937011e-07,2.076832311639909e-07,4.798929501086703e-07,0.00030394033762182876,0.0007023139512273691,10,169675
urban,matched,12.5,100.0,0.0013009534832244293,0.01,white,0.06934426327900499,3.929056256694405e-06,7.972741578328308e-05,3.929056256695551e-06,2.960633453535505e-05,1.718874505420789e-06,0.0432691390291033,0.0025114961900763585,10,169675
urban,matched,12.5,100.0,0.0013009534832244293,0.1,correlated,0.07774935214032594,6.803297257267559e-07,1.225916357204676e-05,6.803297257267795e-07,2.079316035387413e-06,1.006184667827822e-06,0.003043095757819802,0.0014725081198077598,10,169675
urban,matched,12.5,100.0,0.0013009534832244293,0.1,white,0.07776292560291861,3.2694927591397044e-06,2.5832626164713768e-05,3.2694927591378757e-06,8.350112415392435e-05,3.5066901844602644e-06,0.12203535348770936,0.005120457435438721,10,169675
urban,matched,12.5,100.0,0.0013009534832244293,1.0,correlated,0.09939980092603264,1.1571718953113705e-06,8.525277524702723e-06,1.1571718953127296e-06,5.8132020827314505e-06,1.6108822417574103e-06,0.008507688792951601,0.0023574334777925502,10,169675
urban,matched,12.5,100.0,0.0013009534832244293,1.0,white,0.09939650726366007,2.482440003547432e-06,5.23161515214865e-06,2.4824400035460886e-06,0.00010410213516648948,3.874886904055012e-06,0.15214332310622344,0.005655926314680133,10,169675
urban,matched,12.5,inf,0.0,0.0,none,0.06831428859930316,0.0,0.0,0.0,0.0,0.0,0.0,0.0,1,169675
urban,matched,12.5,inf,0.0,0.001,none,0.06839533339086087,0.0,0.0,0.0,0.0,0.0,0.0,0.0,1,169675
urban,matched,12.5,inf,0.0,0.01,none,0.0692645358632217,0.0,0.0,0.0,0.0,0.0,0.0,0.0,1,169675
urban,matched,12.5,inf,0.0,0.1,none,0.0777370929767539,0.0,0.0,0.0,0.0,0.0,0.0,0.0,1,169675
urban,matched,12.5,inf,0.0,1.0,none,0.09939127564850793,0.0,0.0,0.0,0.0,0.0,0.0,0.0,1,169675
water,matched,12.5,5.0,0.023683404885051156,0.0,correlated,0.03305165780826954,4.142153939557332e-05,0.011814817547258927,4.1421539395572514e-05,0.0,0.0,0.0,0.0,10,169644
water,matched,12.5,5.0,0.023683404885051156,0.0,white,0.07494558605913687,0.00020260171967616242,0.053708745798126255,0.0002026017196761552,0.0,0.0,0.0,0.0,10,169644
water,matched,12.5,5.0,0.023683404885051156,0.001,correlated,0.03306600996124706,3.8963799772342577e-05,0.011799232044174724,3.896379977234223e-05,1.558550308420198e-05,2.703362172521809e-06,0.04714662978263439,0.008107873779708522,10,169644
water,matched,12.5,5.0,0.023683404885051156,0.001,white,0.07353868038174419,0.00019086680100680126,0.05227190246467184,0.00019086680100679755,0.0014368433334544072,1.3979041648100934e-05,1.9171561651194988,0.014473466939179681,10,169644
water,matched,12.5,5.0,0.023683404885051156,0.01,correlated,0.03323300330672589,2.8145518020724426e-05,0.011654682824992605,2.814551802072505e-05,0.00016013472226632103,1.4668124539176409e-05,0.48445219818686774,0.04371498402591286,10,169644
water,matched,12.5,5.0,0.023683404885051156,0.01,white,0.0645531311161202,0.00013154287153970814,0.04297481063438691,0.00013154287153970906,0.010733935163739338,8.725248640950565e-05,14.322147948513395,0.0837976261919881,10,169644
water,matched,12.5,5.0,0.023683404885051156,0.1,correlated,0.03490090395896055,1.9597136713670572e-05,0.01049951134301646,1.959713671366958e-05,0.0013153062042424676,2.7722822405582725e-05,3.979466143557795,0.07919212356312678,10,169644
water,matched,12.5,5.0,0.023683404885051156,0.1,white,0.04342591511705617,4.7339491302643664e-05,0.01902452250111209,4.7339491302643386e-05,0.034684223297014156,0.00018419071303600338,46.2789296984041,0.12670286638242095,10,169644
water,matched,12.5,5.0,0.023683404885051156,1.0,correlated,0.03960334222851326,2.3618156576738652e-05,0.00782618404939522,2.3618156576738062e-05,0.003988633497863705,4.222107726141196e-05,12.06777342299885,0.11517685070864699,10,169644
water,matched,12.5,5.0,0.023683404885051156,1.0,white,0.03639686701405056,4.895126498519632e-05,0.004619708834932528,4.8951264985195535e-05,0.04908903696319372,0.00020605451324119957,65.4993517244542,0.11107475846165896,10,169644
water,matched,12.5,10.0,0.011841702442525578,0.0,correlated,0.024723519649762507,1.1831632601318611e-05,0.0034866793887518913,1.183163260131854e-05,0.0,0.0,0.0,0.0,10,169644
water,matched,12.5,10.0,0.011841702442525578,0.0,white,0.04165847026871824,6.439827139683726e-05,0.02042163000770762,6.439827139683814e-05,0.0,0.0,0.0,0.0,10,169644
water,matched,12.5,10.0,0.011841702442525578,0.001,correlated,0.02474758964961796,1.125938665786827e-05,0.003480811732545624,1.1259386657868922e-05,5.867656206267474e-06,7.569345367765051e-07,0.023732084387825467,0.0030517128373220735,10,169644
water,matched,12.5,10.0,0.011841702442525578,0.001,white,0.04104873182789952,6.0278414543193624e-05,0.019781953910827182,6.027841454319375e-05,0.0006396760968804393,4.677646688228469e-06,1.5355140924228046,0.009189164515102946,10,169644
water,matched,12.5,10.0,0.011841702442525578,0.01,correlated,0.025003937854936896,9.07258312447579e-06,0.00342561737320361,9.072583124475388e-06,6.106201554828168e-05,3.918675528977172e-06,0.24697413668005858,0.015751678498682753,10,169644
water,matched,12.5,10.0,0.011841702442525578,0.01,white,0.03725806223989138,3.831744479539237e-05,0.015679741758158096,3.83174447953918e-05,0.004741888249549525,2.8858510677482876e-05,11.3827042728763,0.053012186321681344,10,169644
water,matched,12.5,10.0,0.011841702442525578,0.1,correlated,0.027403583787281423,7.60193308021864e-06,0.003002191171337339,7.601933080217746e-06,0.0004844882174145523,6.922958448367218e-06,1.9596156057189529,0.027256595119833006,10,169644
water,matched,12.5,10.0,0.011841702442525578,0.1,white,0.030283248230445942,2.6130511599782214e-05,0.005881855614501859,2.6130511599781546e-05,0.014539774393205761,6.4241030279585e-05,34.902202365540866,0.10694291471899571,10,169644
water,matched,12.5,10.0,0.011841702442525578,1.0,correlated,0.033904547305821216,8.765207111456369e-06,0.0021273891267031817,8.765207111455578e-06,0.0013592902620487095,1.0704099698418932e-05,5.497952260461156,0.04148808417508252,10,169644
water,matched,12.5,10.0,0.011841702442525578,1.0,white,0.03298013864037632,2.6891123519355223e-05,0.0012029804612582913,2.689112351935515e-05,0.019218649546449328,7.314575559046122e-05,46.13370559695535,0.1122629272416186,10,169644
water,matched,12.5,20.0,0.005920851221262789,0.0,correlated,0.02215624682467637,3.460638025206639e-06,0.0009194065636657547,3.460638025207944e-06,0.0,0.0,0.0,0.0,10,169644
water,matched,12.5,20.0,0.005920851221262789,0.0,white,0.02778620504242142,3.42537698682562e-05,0.006549364781410801,3.4253769868256167e-05,0.0,0.0,0.0,0.0,10,169644
water,matched,12.5,20.0,0.005920851221262789,0.001,correlated,0.022184599396567806,3.519876428390488e-06,0.0009178214794954714,3.5198764283895183e-06,1.5850841702833713e-06,2.5305441854843694e-07,0.007154150785088273,0.0011423336476776146,10,169644
water,matched,12.5,20.0,0.005920851221262789,0.001,white,0.02757805938534555,3.226816431134312e-05,0.006311281468273214,3.226816431134323e-05,0.00023808331313758638,2.7462002543195003e-06,0.856833007814575,0.00912579769265985,10,169644
water,matched,12.5,20.0,0.005920851221262789,0.01,correlated,0.022480470912740934,3.821374209661587e-06,0.0009021504310076468,3.821374209661684e-06,1.7256132658107978e-05,1.3258471093220368e-06,0.07788390710048544,0.005984977916424319,10,169644
water,matched,12.5,20.0,0.005920851221262789,0.01,white,0.026394566845309136,2.4449585104373673e-05,0.004816246363575848,2.4449585104373107e-05,0.0017331184178349525,1.7022000197701777e-05,6.2372920839169455,0.05578942834606124,10,169644
water,matched,12.5,20.0,0.005920851221262789,0.1,correlated,0.02518228440549703,4.5204699985145e-06,0.0007808917895529441,4.520469998514673e-06,0.00013851477411281065,3.357913462786442e-06,0.6251723091765455,0.015144115157682967,10,169644
water,matched,12.5,20.0,0.005920851221262789,0.1,white,0.025995129831739135,2.2333834059111393e-05,0.0015937372157950492,2.233383405911129e-05,0.004955627565615751,3.418006716410818e-05,17.83476539695166,0.10660517484913733,10,169644
water,matched,12.5,20.0,0.005920851221262789,1.0,correlated,0.032318593123901784,8.80288261745077e-06,0.0005414349447837522,8.802882617450809e-06,0.00037797161888200245,8.547972843163274e-06,1.7059363737306115,0.03854889756644438,10,169644
water,matched,12.5,20.0,0.005920851221262789,1.0,white,0.032077925832914536,1.3816132372701389e-05,0.0003007676537965076,1.3816132372701868e-05,0.006248597127614293,3.495488313710139e-05,22.48802939122013,0.10092974645715905,10,169644
water,matched,12.5,50.0,0.0023683404885051157,0.0,correlated,0.021387045604292988,2.3280669540806362e-06,0.00015020534328237037,2.328066954080818e-06,0.0,0.0,0.0,0.0,10,169644
water,matched,12.5,50.0,0.0023683404885051157,0.0,white,0.02241750467726013,7.274051923210614e-06,0.0011806644162495154,7.27405192321008e-06,0.0,0.0,0.0,0.0,10,169644
water,matched,12.5,50.0,0.0023683404885051157,0.001,correlated,0.021416751894466547,2.1810058538477024e-06,0.00014997397739421084,2.1810058538478642e-06,2.3136588815954318e-07,1.7590993700677245e-07,0.0010817356050644969,0.0008224185841193887,10,169644
water,matched,12.5,50.0,0.0023683404885051157,0.001,white,0.02240022880561507,6.82174036288547e-06,0.0011334508885427342,6.821740362884997e-06,4.721352770678117e-05,8.351245729025922e-07,0.21060948061110962,0.0036862091845308504,10,169644
water,matched,12.5,50.0,0.0023683404885051157,0.01,correlated,0.021725797077706943,1.6309273929853712e-06,0.00014747659597365778,1.6309273929852958e-06,2.7287473087125867e-06,9.308249904562779e-07,0.012758522545731652,0.00435117219779449,10,169644
water,matched,12.5,50.0,0.0023683404885051157,0.01,white,0.022421965576331762,5.4829810596019176e-06,0.0008436450945984765,5.482981059601521e-06,0.000337019321651039,4.969736023468583e-06,1.503371601101436,0.021852780474404834,10,169644
water,matched,12.5,50.0,0.0023683404885051157,0.1,correlated,0.024528754818495653,1.7372552559748806e-06,0.00012736220255157027,1.7372552559746614e-06,2.28431407308001e-05,1.916830979553085e-06,0.106807707577982,0.008954551811784468,10,169644
water,matched,12.5,50.0,0.0023683404885051157,0.1,white,0.024665871983544804,6.2791944516805565e-06,0.0002644793676007184,6.279194451680263e-06,0.000916185048648797,9.370820917563202e-06,4.0869093814186055,0.040831865625876894,10,169644
water,matched,12.5,50.0,0.0023683404885051157,1.0,correlated,0.03186507612498815,3.435783795646482e-06,8.791794587011611e-05,3.435783795645679e-06,6.228739741225425e-05,3.494850356155827e-06,0.29123833453538345,0.01632885402100048,10,169644
water,matched,12.5,50.0,0.0023683404885051157,1.0,white,0.03182694752509444,3.596131437503148e-06,4.9789345976408025e-05,3.596131437502653e-06,0.0011308750702731074,7.520105346238363e-06,5.044599100347471,0.03211844766330131,10,169644
water,matched,12.5,100.0,0.0011841702442525579,0.0,correlated,0.02127434511674922,7.848421452855174e-07,3.750485573860464e-05,7.848421452859851e-07,0.0,0.0,0.0,0.0,10,169644
water,matched,12.5,100.0,0.0011841702442525579,0.0,white,0.021533933888220034,5.4042555535821625e-06,0.00029709362720941777,5.404255553582065e-06,0.0,0.0,0.0,0.0,10,169644
water,matched,12.5,100.0,0.0011841702442525579,0.001,correlated,0.021304229984895173,7.303433714923065e-07,3.74520678228369e-05,7.303433714917711e-07,5.2787915767738e-08,6.533138876568259e-08,0.00024812081698096205,0.0003070793587544228,10,169644
water,matched,12.5,100.0,0.0011841702442525579,0.001,white,0.021551881681999653,5.4588936456508915e-06,0.000285103764927315,5.4588936456511575e-06,1.1989862282102762e-05,1.7151773652884289e-07,0.0556789799955954,0.0008008041562349126,10,169644
water,matched,12.5,100.0,0.0011841702442525579,0.01,correlated,0.021615144882066683,5.436516745271641e-07,3.682440033339826e-05,5.436516745270087e-07,6.804554052063788e-07,3.418724295112509e-07,0.0031984352637483325,0.0016068667800947858,10,169644
water,matched,12.5,100.0,0.0011841702442525579,0.01,white,0.021789841124429936,5.646677702767093e-06,0.00021152064269665087,5.6466777027674325e-06,8.557298451276687e-05,9.3364503660769e-07,0.3973868756980991,0.004354671921065418,10,169644
water,matched,12.5,100.0,0.0011841702442525579,0.1,correlated,0.024433138563113205,6.777856322157832e-07,3.17459471691206e-05,6.77785632215501e-07,5.758908569484036e-06,6.601043804167355e-07,0.02706967484196849,0.0031022562829843892,10,169644
water,matched,12.5,100.0,0.0011841702442525579,0.1,white,0.024466754967748947,4.067823320738143e-06,6.536235180486134e-05,4.067823320737588e-06,0.00023173127540455641,2.7639349161999463e-06,1.0761195125378111,0.01265345016904162,10,169644
water,matched,12.5,100.0,0.0011841702442525579,1.0,correlated,0.03179909885666231,1.260049886063932e-06,2.1940677544271536e-05,1.2600498860645387e-06,1.5564178194333104e-05,1.217350150064739e-06,0.07315932564201726,0.005721447146278175,10,169644
water,matched,12.5,100.0,0.0011841702442525579,1.0,white,0.031789211888780915,2.4870870839779187e-06,1.2053709662884077e-05,2.487087083978671e-06,0.00028503991754653366,4.107558318475495e-06,1.3236740746073976,0.018776065922070696,10,169644
water,matched,12.5,inf,0.0,0.0,none,0.021236840261010616,0.0,0.0,0.0,0.0,0.0,0.0,0.0,1,169644
water,matched,12.5,inf,0.0,0.001,none,0.021266777917072335,0.0,0.0,0.0,0.0,0.0,0.0,0.0,1,169644
water,matched,12.5,inf,0.0,0.01,none,0.021578320481733287,0.0,0.0,0.0,0.0,0.0,0.0,0.0,1,169644
water,matched,12.5,inf,0.0,0.1,none,0.024401392615944085,0.0,0.0,0.0,0.0,0.0,0.0,0.0,1,169644
water,matched,12.5,inf,0.0,1.0,none,0.03177715817911803,0.0,0.0,0.0,0.0,0.0,0.0,0.0,1,169644
