scene,method,n_cells,rmse,mae,bias,corr,psnr,scene_class,region_id
region__agriculture__beauce,psf_aware,29905,0.007919112814674204,0.004401194339481371,-3.8784638214143216e-05,0.9970772415920058,33.9913334956194,agriculture,beauce
region__agriculture__beauce,classical_nearest,29905,0.01288336436697689,0.007150481699529429,-4.025877046507351e-05,0.992464837749315,29.76427830046915,agriculture,beauce
region__agriculture__beauce,classical_linear,29905,0.013007118008022234,0.007548839235396474,-4.433561549340576e-05,0.9924850778222858,29.68124248528007,agriculture,beauce
region__agriculture__beauce,classical_cubic,29905,0.011026994050971507,0.00615186480298586,-4.150250836611392e-05,0.9945265783024451,31.115721288413084,agriculture,beauce
region__agriculture__beauce,richardson_lucy,29905,0.008238228633180949,0.004480115449265619,-6.406970915089202e-05,0.9968445935325219,33.64818728115011,agriculture,beauce
region__agriculture__canterbury,psf_aware,29919,0.0037744581228697604,0.0019429057066732921,5.964549820614879e-06,0.9851240947410701,36.93110197111973,agriculture,canterbury
region__agriculture__canterbury,classical_nearest,29919,0.005792331161350732,0.002922069042860705,1.0875011549971615e-05,0.9659707448507419,33.21112652601968,agriculture,canterbury
region__agriculture__canterbury,classical_linear,29919,0.006015148248988884,0.0030800800294446544,1.3697367849844861e-05,0.9637969308728008,32.88326748889058,agriculture,canterbury
region__agriculture__canterbury,classical_cubic,29919,0.005274767969027404,0.0026460738243752895,1.0966525860527826e-05,0.9720448470408247,34.024126991460655,agriculture,canterbury
region__agriculture__canterbury,richardson_lucy,29919,0.004428051936029652,0.00206448349303979,-4.16853038140691e-05,0.9798420562538231,35.54394007659906,agriculture,canterbury
region__agriculture__iowa,psf_aware,29919,0.00741154953799781,0.003349177379287749,-1.3382783656854386e-05,0.9646994621375545,35.56120912643685,agriculture,iowa
region__agriculture__iowa,classical_nearest,29919,0.009772789163685484,0.00448880707670463,9.204267697473106e-06,0.9404478889995735,33.15901885140391,agriculture,iowa
region__agriculture__iowa,classical_linear,29919,0.010095309868887228,0.004731638850735436,1.3592035300994071e-05,0.9375601327702237,32.87699636373597,agriculture,iowa
region__agriculture__iowa,classical_cubic,29919,0.00913815751781899,0.004122155810239987,5.150904944405294e-06,0.9484979616049939,33.742216643488916,agriculture,iowa
region__agriculture__iowa,richardson_lucy,29919,0.008842724714113008,0.003529763179730196,-0.00018367250913297706,0.9506935536119212,34.027667339971465,agriculture,iowa
region__agriculture__mato_grosso,psf_aware,29022,0.0030221362843328983,0.0017904242484360969,-9.018784433441039e-06,0.9939461969342555,44.33830633708675,agriculture,mato_grosso
region__agriculture__mato_grosso,classical_nearest,29022,0.005297844926759172,0.0025908081798648843,-3.7330028508378374e-05,0.9819494507011199,39.462602401091935,agriculture,mato_grosso
region__agriculture__mato_grosso,classical_linear,29022,0.005321907684500346,0.0026895918129712197,-2.2990890804850974e-05,0.9822077914850629,39.42324050190954,agriculture,mato_grosso
region__agriculture__mato_grosso,classical_cubic,29022,0.004544487279195658,0.002392295458541527,-1.7320497207799e-05,0.9868893977768743,40.794889397414664,agriculture,mato_grosso
region__agriculture__mato_grosso,richardson_lucy,29022,0.0059241147834697945,0.002040008779343809,-0.00015700627797378283,0.9767023244391669,38.49211794610774,agriculture,mato_grosso
region__agriculture__nile_delta,psf_aware,28990,0.022483171886771267,0.016727868235236656,4.1246926138918334e-05,0.9190375798815349,27.921954366116452,agriculture,nile_delta
region__agriculture__nile_delta,classical_nearest,28990,0.03041150418774855,0.023092626726300438,7.701593998301724e-05,0.8550614816211296,25.298347953166033,agriculture,nile_delta
region__agriculture__nile_delta,classical_linear,28990,0.031389844737588934,0.023953974461578098,6.0634144105430967e-05,0.8484976075033408,25.023322629283413,agriculture,nile_delta
region__agriculture__nile_delta,classical_cubic,28990,0.02873352809261011,0.02187349776865573,5.750699253401373e-05,0.8740365983040749,25.791326884405194,agriculture,nile_delta
region__agriculture__nile_delta,richardson_lucy,28990,0.02438727633358164,0.01829288019218828,-7.654080265717245e-05,0.9062176892270231,27.215839994391118,agriculture,nile_delta
region__agriculture__pampas,psf_aware,28939,0.015687995537530797,0.007709067066898851,-4.518892247997168e-06,0.9560819738219878,36.13370015024425,agriculture,pampas
region__agriculture__pampas,classical_nearest,28939,0.022174188835876216,0.011200307492854042,1.3680629152344406e-06,0.913420786490512,33.128094459334264,agriculture,pampas
region__agriculture__pampas,classical_linear,28939,0.022965514831102235,0.01164560081952983,2.9325062611984675e-06,0.9079670251310457,32.82352557890208,agriculture,pampas
region__agriculture__pampas,classical_cubic,28939,0.020670790295602443,0.010254436258294601,4.936821169554188e-06,0.9260716849583163,33.737907670720546,agriculture,pampas
region__agriculture__pampas,richardson_lucy,28939,0.01804744757373568,0.008159354579499284,-0.00014283908867937617,0.9422897481078198,34.91673351473655,agriculture,pampas
region__agriculture__po_valley,psf_aware,29903,0.00517409436939222,0.002642637125221999,-1.6961273310973055e-05,0.9807979347064676,35.617533392214014,agriculture,po_valley
region__agriculture__po_valley,classical_nearest,29903,0.007375513938613026,0.0037968396607989357,-2.2748082162865236e-05,0.9616627635254541,32.538374539715775,agriculture,po_valley
region__agriculture__po_valley,classical_linear,29903,0.007629295349940557,0.003982110778129257,-2.0159124098218604e-05,0.9594224622305552,32.24453174379424,agriculture,po_valley
region__agriculture__po_valley,classical_cubic,29903,0.0068188734841891285,0.0034834746361629434,-1.9400883976156943e-05,0.9675012387150503,33.219967647286,agriculture,po_valley
region__agriculture__po_valley,richardson_lucy,29903,0.00620132283767733,0.002828120539920452,-0.0001236220444699448,0.9726707521887685,34.044533480017655,agriculture,po_valley
region__agriculture__punjab,psf_aware,28976,0.006862507229083225,0.003913150738737937,-3.7962103871683155e-06,0.9850191745736437,33.71922870166378,agriculture,punjab
region__agriculture__punjab,classical_nearest,28976,0.010903164307715972,0.006231024667090587,2.3204261815167186e-05,0.9634443737925643,29.697833864003677,agriculture,punjab
region__agriculture__punjab,classical_linear,28976,0.011021645637071746,0.006464571408709009,2.02984688019309e-06,0.9637761104697721,29.603956127184578,agriculture,punjab
region__agriculture__punjab,classical_cubic,28976,0.00961403431343702,0.005493477530440487,-2.184684915069032e-06,0.9721303855804297,30.790771643992223,agriculture,punjab
region__agriculture__punjab,richardson_lucy,28976,0.00751009759348923,0.004189998336889858,-7.069515481101135e-05,0.9823268610443636,32.93597338700944,agriculture,punjab
region__agriculture__ukraine,psf_aware,29852,0.007849831438605634,0.003827508740500464,2.0385723080349786e-05,0.9633829027078998,37.22029012637633,agriculture,ukraine
region__agriculture__ukraine,classical_nearest,29852,0.010682314655301733,0.0052927190804926165,1.2002052230360871e-05,0.9336949928884923,34.54418942341269,agriculture,ukraine
region__agriculture__ukraine,classical_linear,29852,0.011005244122391069,0.005501389469223604,1.483415432536904e-05,0.930623537439217,34.28550313546529,agriculture,ukraine
region__agriculture__ukraine,classical_cubic,29852,0.00987950077768162,0.004905437142734829,1.542305696242004e-05,0.9441537707162719,35.22279675396229,agriculture,ukraine
region__agriculture__ukraine,richardson_lucy,29852,0.009511826415765097,0.0041544548466137254,-0.00017976785482596403,0.9474929766726763,35.552218426805155,agriculture,ukraine
region__agriculture__western_australia,psf_aware,28924,0.006232942570136217,0.004144044392112697,2.2855486701273746e-05,0.9890325924450648,33.300017199967456,agriculture,western_australia
region__agriculture__western_australia,classical_nearest,28924,0.009760769841870435,0.006263729977189411,-1.4556450217234022e-06,0.9735505431582874,29.404198261718804,agriculture,western_australia
region__agriculture__western_australia,classical_linear,28924,0.009954125173063688,0.006480427677601783,1.4931535052214699e-05,0.9728752361195473,29.233817753186287,agriculture,western_australia
region__agriculture__western_australia,classical_cubic,28924,0.008665814992548083,0.005696527173304692,2.1350096059221677e-05,0.9794118297265902,30.43769144712389,agriculture,western_australia
region__agriculture__western_australia,richardson_lucy,28924,0.006699239040394712,0.004438647469211139,1.9219595745142884e-05,0.9874123703112634,32.67337021817924,agriculture,western_australia
region__forest__amazon,psf_aware,28906,0.02248190502637793,0.015168901973386656,-8.66229652287242e-05,0.9488966876251834,30.798546105570807,forest,amazon
region__forest__amazon,classical_nearest,28906,0.031318417495076724,0.02120293445285521,-7.87461857946593e-05,0.9036570998357003,27.91921209723113,forest,amazon
region__forest__amazon,classical_linear,28906,0.03225664443591634,0.022025657425777164,-5.685851508995732e-05,0.8996300968746748,27.662824541676848,forest,amazon
region__forest__amazon,classical_cubic,28906,0.02908012112000318,0.019745603189178288,-6.0330301097659995e-05,0.9185214565142251,28.563284061180866,forest,amazon
region__forest__amazon,richardson_lucy,28906,0.024484837580401705,0.01615546352316295,-0.00026748123666556255,0.9403358379168408,30.057263732484696,forest,amazon
region__forest__appalachian,psf_aware,28887,0.0028132118844152224,0.002094482896958098,8.659391880397007e-06,0.9188701477950472,28.114211538344243,forest,appalachian
region__forest__appalachian,classical_nearest,28887,0.003689711632201946,0.002787762059797792,8.279686682391799e-06,0.8615505188991825,25.75841189899162,forest,appalachian
region__forest__appalachian,classical_linear,28887,0.0037885607226204026,0.002873147591365542,1.164726696417907e-05,0.8556902612564932,25.52877535751896,forest,appalachian
region__forest__appalachian,classical_cubic,28887,0.0034938325369054503,0.0026424698332367116,1.1075496546622087e-05,0.8782947022887263,26.232218707770958,forest,appalachian
region__forest__appalachian,richardson_lucy,28887,0.003021631488879629,0.002245373440197508,-7.546684022292721e-06,0.9074289234929114,27.493430452961736,forest,appalachian
region__forest__black_forest,psf_aware,29912,0.008785286637992155,0.00508926140257053,-2.247961242385577e-05,0.9757975703060604,40.77799310521993,forest,black_forest
region__forest__black_forest,classical_nearest,29912,0.012134814583553994,0.007228721616885969,-3.731015502176551e-05,0.9545031412265889,37.97244892493119,forest,black_forest
region__forest__black_forest,classical_linear,29912,0.01254105925689064,0.007538700456689051,-2.8707620560874807e-05,0.9519435237503203,37.686427423284385,forest,black_forest
region__forest__black_forest,classical_cubic,29912,0.011213429438752186,0.006653349591462317,-2.707331860114181e-05,0.9615624619194938,38.65834273001114,forest,black_forest
region__forest__black_forest,richardson_lucy,29912,0.01164750242940202,0.005437290082867729,-0.00022045236012262475,0.9573626286568592,38.328455627347836,forest,black_forest
region__forest__borneo,psf_aware,28874,0.004752612408489135,0.002580844855397633,1.3033754394271702e-05,0.9983553054197534,42.64715793104674,forest,borneo
region__forest__borneo,classical_nearest,28874,0.008566159507926788,0.0045157809886102645,-2.450496435697995e-05,0.9947651468628053,37.53008274223711,forest,borneo
region__forest__borneo,classical_linear,28874,0.008286489280278433,0.004522455373028437,2.0293100783030495e-05,0.9951841854432216,37.81839442486256,forest,borneo
region__forest__borneo,classical_cubic,28874,0.006890531077331435,0.0037918560076871358,2.136520306695434e-05,0.996633062557337,39.42075196649241,forest,borneo
region__forest__borneo,richardson_lucy,28874,0.006828273135738291,0.0029379215565998235,-0.00018942901052990276,0.9967292684336783,39.49958818482939,forest,borneo
region__forest__canadian_rockies,psf_aware,29650,0.002287398720106149,0.0013394733749700688,1.4481900957166446e-05,0.9839635552720895,33.867040974129154,forest,canadian_rockies
region__forest__canadian_rockies,classical_nearest,29650,0.0030793203352940317,0.0017765001726021102,1.4471787453627506e-05,0.971121212069757,31.28478104935372,forest,canadian_rockies
region__forest__canadian_rockies,classical_linear,29650,0.0031464874574575552,0.0018285358218008158,1.2795166591493315e-05,0.9700484007451339,31.097358351457874,forest,canadian_rockies
region__forest__canadian_rockies,classical_cubic,29650,0.0028553824489059815,0.0016630851506753423,1.3114353139298963e-05,0.975302689337293,31.940592734950968,forest,canadian_rockies
region__forest__canadian_rockies,richardson_lucy,29650,0.0026501704118291522,0.001427835994188063,-3.297135169487478e-05,0.9786676501117427,32.5884024308226,forest,canadian_rockies
region__forest__congo,psf_aware,29034,0.0010464859235223328,0.000804082976918871,5.8306105116177844e-08,0.810598269122299,27.9047999421301,forest,congo
region__forest__congo,classical_nearest,29034,0.0012680256430228163,0.0009810400591313679,8.80594395643556e-07,0.7205238039379058,26.236907035228533,forest,congo
region__forest__congo,classical_linear,29034,0.0013018696439186378,0.0010095626084235217,8.619003259110008e-07,0.7066407782094084,26.008117749991065,forest,congo
region__forest__congo,classical_cubic,29034,0.0012316670354239022,0.0009546164088857037,8.313298243879164e-07,0.743242253402461,26.489601400133665,forest,congo
region__forest__congo,richardson_lucy,29034,0.001101869255503919,0.0008487432822764737,-4.097986128521235e-07,0.7925859176595911,27.456866451002742,forest,congo
region__forest__finland_boreal,psf_aware,29907,0.003184069143080603,0.0017675974338851388,-3.036609703061629e-06,0.9922774375587053,35.838488486002944,forest,finland_boreal
region__forest__finland_boreal,classical_nearest,29907,0.004923430274917248,0.0026446306310169572,2.0123263623885686e-06,0.9819601824492651,32.052782448878375,forest,finland_boreal
region__forest__finland_boreal,classical_linear,29907,0.004995611386038122,0.0027535316679860506,-8.431411777619043e-07,0.9817724128874294,31.92636535057627,forest,finland_boreal
region__forest__finland_boreal,classical_cubic,29907,0.004359010974065756,0.0023895784383615717,-1.872252871836982e-06,0.9859927991620796,33.11037903861948,forest,finland_boreal
region__forest__finland_boreal,richardson_lucy,29907,0.0036799213007743647,0.001907423041786706,-7.371657563826044e-05,0.9898930552012062,34.581367668228246,forest,finland_boreal
region__forest__new_zealand,psf_aware,28687,0.0033856471364160988,0.0019529194089818133,2.7110273134078987e-06,0.9841102162627602,35.274417466845016,forest,new_zealand
region__forest__new_zealand,classical_nearest,28687,0.005010285793390236,0.0028322658452130437,-8.95369779567821e-06,0.9656750724706169,31.870001330493096,forest,new_zealand
region__forest__new_zealand,classical_linear,28687,0.005121507460992812,0.002938821259423705,-1.0401551003810908e-05,0.9645061730794763,31.679295122067664,forest,new_zealand
region__forest__new_zealand,classical_cubic,28687,0.004517825704079427,0.0025924819303182593,-7.43308932893226e-06,0.9723787468743956,32.76866187672994,forest,new_zealand
region__forest__new_zealand,richardson_lucy,28687,0.003984951316439778,0.002079399555484233,-4.825010698468852e-05,0.9781686336230906,33.85879091564647,forest,new_zealand
region__forest__patagonia,psf_aware,29871,0.027438880171976314,0.011723534570665817,3.925140741000328e-05,0.9900779451786644,35.13460624810753,forest,patagonia
region__forest__patagonia,classical_nearest,29871,0.04332297614348768,0.01890672196630961,4.205628004906761e-05,0.9758245174953656,31.167568238784366,forest,patagonia
region__forest__patagonia,classical_linear,29871,0.044137306649058274,0.019812474953290533,4.6993453025424156e-05,0.9753113307644131,31.005817348401692,forest,patagonia
region__forest__patagonia,classical_cubic,29871,0.037969140701311146,0.0166995312580361,5.04806136470203e-05,0.9816523283116189,32.313318539608105,forest,patagonia
region__forest__patagonia,richardson_lucy,29871,0.03356765414554638,0.012793829957647121,-0.0006801743824253248,0.9854487340718768,33.383514071677936,forest,patagonia
region__forest__tasmania,psf_aware,29322,0.002035273997280286,0.0014057737452382484,-2.0463795108120615e-06,0.949779483878746,31.397978132809783,forest,tasmania
region__forest__tasmania,classical_nearest,29322,0.0025938150812457586,0.0017987237142036996,-2.308526614994821e-06,0.9182420044012615,29.29165559337101,forest,tasmania
region__forest__tasmania,classical_linear,29322,0.0026693345362044595,0.001855636819459975,-4.5807286321986755e-06,0.9135401018587193,29.042375705202158,forest,tasmania
region__forest__tasmania,classical_cubic,29322,0.0024850859869102013,0.0017258819452079172,-4.593804786100564e-06,0.9255102496404608,29.663607405694584,forest,tasmania
region__forest__tasmania,richardson_lucy,29322,0.002131210509948871,0.0014778123290933773,-5.151472466627903e-06,0.9451251327642597,30.997908830418652,forest,tasmania
region__urban__cape_town,psf_aware,28960,0.024039359555834635,0.015995482084164243,4.033956873609589e-05,0.9608120398177558,28.849722545116123,urban,cape_town
region__urban__cape_town,classical_nearest,28960,0.037093653045438095,0.02502339814918465,7.176300873753005e-05,0.9105194976086177,25.082188300100952,urban,cape_town
region__urban__cape_town,classical_linear,28960,0.03828833173016861,0.026125995928828537,3.734462987353184e-05,0.9080733123751953,24.806851529564725,urban,cape_town
region__urban__cape_town,classical_cubic,28960,0.03372686768850459,0.022849912695585506,4.0092379098626814e-05,0.9285422023781738,25.90866023222595,urban,cape_town
region__urban__cape_town,richardson_lucy,28960,0.02650634532873352,0.017455112827847792,-0.0003306512772813556,0.9538511059811788,28.00118337534429,urban,cape_town
region__urban__mexico_city,psf_aware,28927,0.02092811769125507,0.015143183322481261,7.075150471662194e-05,0.9305269429107982,31.117257942190793,urban,mexico_city
region__urban__mexico_city,classical_nearest,28927,0.029822518723834294,0.021555407799484942,4.7003418082507156e-05,0.8672399685791745,28.04097492265361,urban,mexico_city
region__urban__mexico_city,classical_linear,28927,0.03091692920025009,0.02240948626379362,6.879219557967241e-05,0.8628468667578648,27.72793429254599,urban,mexico_city
region__urban__mexico_city,classical_cubic,28927,0.027797275630137834,0.020214303401503746,7.690909225999141e-05,0.888463923499202,28.65181665225404,urban,mexico_city
region__urban__mexico_city,richardson_lucy,28927,0.023376405020387014,0.01655776347567966,-4.9215303691768634e-05,0.9153193748987084,30.156306856009003,urban,mexico_city
region__urban__montreal,psf_aware,29906,0.018018549434376294,0.012422735195442269,-8.348506665254511e-06,0.9389282655604161,29.861763631908268,urban,montreal
region__urban__montreal,classical_nearest,29906,0.026869109472457575,0.019066466824130088,-1.7359268822367355e-05,0.8729488479029751,26.391094688408813,urban,montreal
region__urban__montreal,classical_linear,29906,0.02808632162596466,0.020130448910890855,-3.803158114773688e-05,0.8666038933845736,26.00626284805003,urban,montreal
region__urban__montreal,classical_cubic,29906,0.024910158698982266,0.017674138402596334,-3.073588460843268e-05,0.8954272364022641,27.04863025645964,urban,montreal
region__urban__montreal,richardson_lucy,29906,0.020462728653620258,0.013523105539397137,-0.000239980172056418,0.9237258127348743,28.756889237515328,urban,montreal
region__urban__nairobi,psf_aware,28998,0.012201807954865921,0.00862934717728519,-6.83539547989661e-05,0.949253811296455,33.81207376626955,urban,nairobi
region__urban__nairobi,classical_nearest,28998,0.0180167470240807,0.013035617313027296,-7.827594459798881e-05,0.8941835302273348,30.4270298607703,urban,nairobi
region__urban__nairobi,classical_linear,28998,0.018650305352263155,0.01357133401833622,-4.3297829728873406e-05,0.8899445351611756,30.126838538779204,urban,nairobi
region__urban__nairobi,classical_cubic,28998,0.016586350874464223,0.01202150451894139,-4.563050790238902e-05,0.9130375452399777,31.145540504891393,urban,nairobi
region__urban__nairobi,richardson_lucy,28998,0.01489819547533944,0.00950336767452679,-0.00027497371233328104,0.9253325197557352,32.07788410782456,urban,nairobi
region__urban__paris,psf_aware,29910,0.01776585032360142,0.011439362742113891,-7.631513481602865e-05,0.9081893972159113,39.05859096048393,urban,paris
region__urban__paris,classical_nearest,29910,0.023614401776503095,0.015700239681058686,-8.716357530000336e-05,0.8455418708882668,36.5867719766142,urban,paris
region__urban__paris,classical_linear,29910,0.02455310961644863,0.016381684640271135,-8.325092843227743e-05,0.8369806605217193,36.248180883638284,urban,paris
region__urban__paris,classical_cubic,29910,0.02235089847992085,0.014825471350814199,-7.859349732801931e-05,0.8654995772653227,37.06441121910641,urban,paris
region__urban__paris,richardson_lucy,29910,0.021159411569291683,0.012338317412445872,-0.0004059983517654522,0.8736755542768339,37.54023921689295,urban,paris
region__urban__reykjavik,psf_aware,29916,0.02065226139532493,0.011894759670714676,-2.3271777048496062e-05,0.9469191576289745,30.724591326693528,urban,reykjavik
region__urban__reykjavik,classical_nearest,29916,0.028133989887738593,0.016232254036995256,-6.829865969343804e-05,0.9028675960988527,28.039317051589805,urban,reykjavik
region__urban__reykjavik,classical_linear,29916,0.029237509878722354,0.01701534138100285,-4.936027624928256e-05,0.8955578414999317,27.70513596093298,urban,reykjavik
region__urban__reykjavik,classical_cubic,29916,0.026598544537928502,0.015319446933195414,-4.0138025707177355e-05,0.9143201230139373,28.526786134949454,urban,reykjavik
region__urban__reykjavik,richardson_lucy,29916,0.023240925117226172,0.012692491056505177,-0.0002807178977681833,0.9337363295949882,29.698875364407314,urban,reykjavik
region__urban__sao_paulo,psf_aware,29024,0.020252597355842877,0.014667990336619736,-8.586913145988227e-05,0.9324238184874919,31.230335286123715,urban,sao_paulo
region__urban__sao_paulo,classical_nearest,29024,0.029720556439966465,0.02223462598343329,-0.00010654996652702894,0.8611687814356492,27.89881113292406,urban,sao_paulo
region__urban__sao_paulo,classical_linear,29024,0.030749064994520812,0.0231875621655394,-0.00010124595534241765,0.8563842292261025,27.603311567737872,urban,sao_paulo
region__urban__sao_paulo,classical_cubic,29024,0.027587804631735085,0.020686400004230925,-0.00010006198539979276,0.8849036114977549,28.545607021081985,urban,sao_paulo
region__urban__sao_paulo,richardson_lucy,29024,0.0225156938508904,0.016189106912803303,-0.00023729920819108585,0.9186540161242607,30.31024315958237,urban,sao_paulo
region__urban__singapore,psf_aware,29069,0.00935311073823317,0.005011700805061463,-1.5210757628142179e-05,0.9886545223494323,39.53984046960577,urban,singapore
region__urban__singapore,classical_nearest,29069,0.015483267507629876,0.008391598160150041,-5.3426728378923045e-06,0.9698469416831513,35.161709650635004,urban,singapore
region__urban__singapore,classical_linear,29069,0.015709358553711656,0.008587768214607928,-4.8533550857464194e-05,0.969560362830226,35.03579295082239,urban,singapore
region__urban__singapore,classical_cubic,29069,0.013502419344101428,0.007341376954360972,-3.8387477444053914e-05,0.9773798116303835,36.350730161069094,urban,singapore
region__urban__singapore,richardson_lucy,29069,0.019150607483252053,0.006326821698522071,-0.0008453497115092412,0.9539658557240296,33.3153108969768,urban,singapore
region__urban__sydney,psf_aware,28955,0.019438366922503208,0.011448623491162971,6.896012429284819e-06,0.9582676013549073,34.803920450672756,urban,sydney
region__urban__sydney,classical_nearest,28955,0.029451857006715588,0.01733031496729508,2.4813374036071817e-05,0.9080087931075137,31.19486229973134,urban,sydney
region__urban__sydney,classical_linear,28955,0.030313646689518692,0.01819285360530198,2.8036963168374532e-05,0.9061470605553793,30.944352273954642,urban,sydney
region__urban__sydney,classical_cubic,28955,0.026740661021965734,0.015865346558044526,1.2740492776136656e-05,0.9269728892879023,32.033673190565636,urban,sydney
region__urban__sydney,richardson_lucy,28955,0.026489342057110933,0.012799437330952302,-0.0006767296456275123,0.9250619265039416,32.11569253630351,urban,sydney
region__urban__tokyo,psf_aware,28926,0.016183954882600757,0.011002719561204088,1.0020836338030965e-05,0.9074422946536334,34.655489706108995,urban,tokyo
region__urban__tokyo,classical_nearest,28926,0.021610663805672937,0.014745165184186568,-1.7655005096804014e-05,0.8421165589484365,32.14382074441596,urban,tokyo
region__urban__tokyo,classical_linear,28926,0.022401486046344645,0.015322206655035172,-5.313821450161224e-06,0.8349133646081924,31.83164630574296,urban,tokyo
region__urban__tokyo,classical_cubic,28926,0.020384974935626743,0.013973561985550722,-7.236134285362382e-08,0.863300071565684,32.65097925097529,urban,tokyo
region__urban__tokyo,richardson_lucy,28926,0.020003358443404326,0.011958883853126576,-0.0003770607850288138,0.8616147941332721,32.81512454272823,urban,tokyo
region__water__caspian_sea,psf_aware,28663,0.002827904813641378,0.0006748429665991362,-2.180550142676101e-06,0.996787379226957,41.60539040608376,water,caspian_sea
region__water__caspian_sea,classical_nearest,28663,0.0042979741240326,0.0009401656581952607,-5.380792466415612e-06,0.9926596575222174,37.96941021943524,water,caspian_sea
region__water__caspian_sea,classical_linear,28663,0.004129721487566328,0.0009474449974464889,-4.907637611392845e-06,0.9933190263683961,38.31627088123888,water,caspian_sea
region__water__caspian_sea,classical_cubic,28663,0.0036247250113217765,0.0008457919358496225,-5.671610457941147e-06,0.9948201387823437,39.4491848585573,water,caspian_sea
region__water__caspian_sea,richardson_lucy,28663,0.0031975305538959734,0.0007381463132306611,-6.368568668314364e-05,0.9960278941606826,40.53839208813639,water,caspian_sea
region__water__great_salt_lake,psf_aware,28716,0.006257656249352622,0.004108208859515009,-1.0787681661528588e-05,0.931312132192142,31.180796942297974,water,great_salt_lake
region__water__great_salt_lake,classical_nearest,28716,0.00858523514062395,0.005767819846703043,-5.781139671462112e-06,0.8744369397759104,28.433987100631235,water,great_salt_lake
region__water__great_salt_lake,classical_linear,28716,0.008792067628992368,0.005969945007686346,-1.0026016637531392e-05,0.8725634191496981,28.227210590441416,water,great_salt_lake
region__water__great_salt_lake,classical_cubic,28716,0.007958344410471186,0.00537403308862862,-9.681429101125928e-06,0.8960205164199944,29.092576390741964,water,great_salt_lake
region__water__great_salt_lake,richardson_lucy,28716,0.007189685049494127,0.004432433598114016,-0.00010745676276137161,0.9114286206043639,29.974833668351877,water,great_salt_lake
region__water__lake_baikal,psf_aware,29887,0.0006634038991118854,0.0005086688166820468,3.5544806215655957e-07,0.6939997807296526,22.934098608535642,water,lake_baikal
region__water__lake_baikal,classical_nearest,29887,0.0007593331269460337,0.0005883077539008232,4.5081983147250783e-07,0.5957710647347021,21.761012063450693,water,lake_baikal
region__water__lake_baikal,classical_linear,29887,0.0007780163227996699,0.0006049683187411817,1.6023974060338182e-07,0.5711808814823977,21.549884831226006,water,lake_baikal
region__water__lake_baikal,classical_cubic,29887,0.0007512280911217478,0.0005830932284174692,2.0631772505298497e-07,0.609625900753048,21.854222615183133,water,lake_baikal
region__water__lake_baikal,richardson_lucy,29887,0.0006938889696039315,0.0005342259236642619,2.9460923657044116e-07,0.6684027251209208,22.543859327305398,water,lake_baikal
region__water__lake_constance,psf_aware,29915,0.00044185309641522387,0.0003069933088250071,8.650965578935028e-07,0.8858677597188716,37.22454295768064,water,lake_constance
region__water__lake_constance,classical_nearest,29915,0.0005021389873454228,0.00034506330869004775,1.6527831337732077e-06,0.8508138390960455,36.11362216521837,water,lake_constance
region__water__lake_constance,classical_linear,29915,0.0005122552537099375,0.00035315010894028295,8.483382619664598e-07,0.8443898480701456,35.94037258865843,water,lake_constance
region__water__lake_constance,classical_cubic,29915,0.0004921770191129577,0.0003405951013308832,8.346450337793005e-07,0.8574447216204722,36.28767438094179,water,lake_constance
region__water__lake_constance,richardson_lucy,29915,0.00046573922671012675,0.00031615500311134813,1.5717571358128414e-07,0.8729356068098497,36.76724465817192,water,lake_constance
region__water__lake_geneva,psf_aware,29887,0.0011375189644181605,0.00037103942543694244,1.1438428793468587e-07,0.9762674818635831,44.47416576081081,water,lake_geneva
region__water__lake_geneva,classical_nearest,29887,0.0015454075478664087,0.0004677759308422687,9.703171414944791e-06,0.9563046469038777,41.812478096769354,water,lake_geneva
region__water__lake_geneva,classical_linear,29887,0.0015986424906296532,0.0004847038221567112,7.976714297782567e-06,0.9535560313512846,41.518311637782205,water,lake_geneva
region__water__lake_geneva,classical_cubic,29887,0.0014303462272150119,0.00044454738282127923,5.511202851535545e-06,0.9629962560220484,42.484515181756606,water,lake_geneva
region__water__lake_geneva,richardson_lucy,29887,0.0012884722986254496,0.00038463669118994365,-1.5095972206777475e-06,0.9697877198240772,43.39183695910147,water,lake_geneva
region__water__lake_michigan,psf_aware,29909,0.0003991155201377846,0.0003056765343633816,3.286749184312973e-06,0.7304861606202877,22.129430717689196,water,lake_michigan
region__water__lake_michigan,classical_nearest,29909,0.0004407415583646163,0.0003395495655280349,3.2085175586901034e-06,0.663907066849645,21.267722984344285,water,lake_michigan
region__water__lake_michigan,classical_linear,29909,0.00044957945192843074,0.00034728627498728244,3.255228419351962e-06,0.6471746100821082,21.095273971426145,water,lake_michigan
region__water__lake_michigan,classical_cubic,29909,0.00043645124052924596,0.0003362169373802784,3.250956709964284e-06,0.6730228530426146,21.35268839771406,water,lake_michigan
region__water__lake_michigan,richardson_lucy,29909,0.00040918193669922946,0.00031313195834213776,2.6829747427147176e-06,0.717054356969377,21.91307397087893,water,lake_michigan
region__water__lake_tahoe,psf_aware,28786,0.00035026754366176017,0.0002671473423925559,6.874433723895321e-07,0.7214092916220545,27.227919809613844,water,lake_tahoe
region__water__lake_tahoe,classical_nearest,28786,0.00039376843906248777,0.0003046158607199071,5.949619099817963e-07,0.6407348252209442,26.211099664014323,water,lake_tahoe
region__water__lake_tahoe,classical_linear,28786,0.0004013856384994861,0.0003112908574903244,5.921733048201935e-07,0.6248273784389786,26.044681156002664,water,lake_tahoe
region__water__lake_tahoe,classical_cubic,28786,0.0003881055543325856,0.00029996619683778114,6.324209480796247e-07,0.6557217808118648,26.33692058223744,water,lake_tahoe
region__water__lake_tahoe,richardson_lucy,28786,0.0003635705505223284,0.0002779494280576691,8.674731787328055e-07,0.6998001866418351,26.904143788994514,water,lake_tahoe
region__water__lake_taupo,psf_aware,28823,3.820470494672165e-05,1.997246370422731e-06,1.8197078119056384e-07,0.976954735163979,49.106192913432125,water,lake_taupo
region__water__lake_taupo,classical_nearest,28823,6.352493722979794e-05,2.31598795252105e-06,-4.8936463459271926e-08,0.9435914519680721,44.689645021569184,water,lake_taupo
region__water__lake_taupo,classical_linear,28823,6.702956938479578e-05,2.6700092559845035e-06,3.279855203968059e-08,0.9413763366030354,44.22320132566499,water,lake_taupo
region__water__lake_taupo,classical_cubic,28823,5.588431227863036e-05,2.1467193054127458e-06,6.545368468822087e-09,0.9584610320450512,45.80273169728609,water,lake_taupo
region__water__lake_taupo,richardson_lucy,28823,6.467495705195487e-05,2.2055039919628207e-06,-6.235855020425829e-07,0.9452968578414747,44.53380693350576,water,lake_taupo
region__water__lake_titicaca,psf_aware,29007,0.0006574266530750461,0.0005012123282717159,-1.38382353259739e-06,0.9402364093840031,28.14923954473361,water,lake_titicaca
region__water__lake_titicaca,classical_nearest,29007,0.0008664478247889259,0.0006503064805716836,-2.159161487595595e-06,0.8975330131015894,25.751337370644723,water,lake_titicaca
region__water__lake_titicaca,classical_linear,29007,0.0008871696544978535,0.0006679939995465717,-1.1023867569809087e-06,0.8942141387848459,25.546052117564102,water,lake_titicaca
region__water__lake_titicaca,classical_cubic,29007,0.0008168221536517346,0.0006182649801237215,-1.0999370546518397e-06,0.9103009343432774,26.263635524585087,water,lake_titicaca
region__water__lake_titicaca,richardson_lucy,29007,0.0007213072148591714,0.0005421951011112981,6.243953264338666e-06,0.9288561454374001,27.34378016129119,water,lake_titicaca
region__water__lake_victoria,psf_aware,28949,0.001987640726571,0.001517119267083906,4.87231488956549e-06,0.7023929580781608,22.315988156677797,water,lake_victoria
region__water__lake_victoria,classical_nearest,28949,0.0023816861763795174,0.0018733693545110864,3.910422839357913e-06,0.5727452486976079,20.745055173651444,water,lake_victoria
region__water__lake_victoria,classical_linear,28949,0.0024509104621962966,0.001933829110147809,5.157940639700559e-06,0.5409197549305835,20.49619697916274,water,lake_victoria
region__water__lake_victoria,classical_cubic,28949,0.0023581035868540075,0.0018576526543196093,4.987858791496104e-06,0.5953351219047958,20.83148831541493,water,lake_victoria
region__water__lake_victoria,richardson_lucy,28949,0.002135369666389088,0.0016616083500910236,2.8244742083299954e-06,0.6693752100618026,21.693284510252102,water,lake_victoria
